Timestamp,Status,Latency_ms,Condition
2025-12-27 21:57:51,SUCCESS,340.962,NORMAL
2025-12-27 21:57:52,SUCCESS,128.042,NORMAL
2025-12-27 21:57:52,SUCCESS,179.14,NORMAL
2025-12-27 21:57:52,SUCCESS,131.434,NORMAL
2025-12-27 21:57:52,SUCCESS,170.596,NORMAL
2025-12-27 21:57:52,SUCCESS,63.8501,NORMAL
2025-12-27 21:57:53,SUCCESS,91.1779,NORMAL
2025-12-27 21:57:53,SUCCESS,44.2414,NORMAL
2025-12-27 21:57:53,SUCCESS,45.005,NORMAL
2025-12-27 21:57:53,SUCCESS,58.462,NORMAL
2025-12-27 21:57:53,SUCCESS,53.0836,NORMAL
2025-12-27 21:57:53,SUCCESS,52.0046,NORMAL
2025-12-27 21:57:53,SUCCESS,58.025,NORMAL
2025-12-27 21:57:53,SUCCESS,43.9989,NORMAL
2025-12-27 21:57:53,SUCCESS,51.8323,NORMAL
2025-12-27 21:57:53,SUCCESS,49.5925,NORMAL
2025-12-27 21:57:53,SUCCESS,46.9119,NORMAL
2025-12-27 21:57:54,SUCCESS,35.3233,NORMAL
2025-12-27 21:57:54,SUCCESS,28.6134,NORMAL
2025-12-27 21:57:54,SUCCESS,36.0288,NORMAL
2025-12-27 21:57:54,SUCCESS,52.4205,NORMAL
2025-12-27 21:57:54,SUCCESS,38.6069,NORMAL
2025-12-27 21:57:54,SUCCESS,39.1673,NORMAL
2025-12-27 21:57:54,SUCCESS,42.099,NORMAL
2025-12-27 21:57:54,SUCCESS,41.3687,NORMAL
2025-12-27 21:57:54,SUCCESS,42.677,NORMAL
2025-12-27 21:57:54,SUCCESS,48.2272,NORMAL
2025-12-27 21:57:54,SUCCESS,74.2171,NORMAL
2025-12-27 21:57:55,SUCCESS,32.3808,NORMAL
2025-12-27 21:57:55,SUCCESS,48.9626,NORMAL
2025-12-27 21:57:55,SUCCESS,32.2032,NORMAL
2025-12-27 21:57:55,SUCCESS,24.4885,NORMAL
2025-12-27 21:57:55,SUCCESS,29.7843,NORMAL
2025-12-27 21:57:55,SUCCESS,24.6734,NORMAL
2025-12-27 21:57:55,SUCCESS,48.9722,NORMAL
2025-12-27 21:57:55,SUCCESS,42.9296,NORMAL
2025-12-27 21:57:55,SUCCESS,31.2436,NORMAL
2025-12-27 21:57:55,SUCCESS,24.0032,NORMAL
2025-12-27 21:57:55,SUCCESS,36.8719,NORMAL
2025-12-27 21:57:55,SUCCESS,53.8178,NORMAL
2025-12-27 21:57:55,SUCCESS,70.6623,NORMAL
2025-12-27 21:57:56,SUCCESS,44.0143,NORMAL
2025-12-27 21:57:56,SUCCESS,46.4958,NORMAL
2025-12-27 21:57:56,SUCCESS,44.7739,NORMAL
2025-12-27 21:57:56,SUCCESS,50.7014,NORMAL
2025-12-27 21:57:56,SUCCESS,140.418,NORMAL
2025-12-27 21:57:56,SUCCESS,32.6288,NORMAL
2025-12-27 21:57:56,SUCCESS,35.6699,NORMAL
2025-12-27 21:57:56,SUCCESS,39.8916,NORMAL
2025-12-27 21:57:56,SUCCESS,33.9592,NORMAL
2025-12-27 21:57:56,SUCCESS,45.3845,NORMAL
2025-12-27 21:57:57,SUCCESS,34.8591,NORMAL
2025-12-27 21:57:57,SUCCESS,29.8758,NORMAL
2025-12-27 21:57:57,SUCCESS,38.1097,NORMAL
2025-12-27 21:57:57,SUCCESS,40.129,NORMAL
2025-12-27 21:57:57,SUCCESS,34.034,NORMAL
2025-12-27 21:57:57,SUCCESS,30.9902,NORMAL
2025-12-27 21:57:57,SUCCESS,36.2453,NORMAL
2025-12-27 21:57:57,SUCCESS,35.9208,NORMAL
2025-12-27 21:57:57,SUCCESS,43.0719,NORMAL
2025-12-27 21:57:57,SUCCESS,40.075,NORMAL
2025-12-27 21:57:57,SUCCESS,36.2709,NORMAL
2025-12-27 21:57:57,SUCCESS,42.3238,NORMAL
2025-12-27 21:57:57,SUCCESS,33.0633,NORMAL
2025-12-27 21:57:57,SUCCESS,37.1479,NORMAL
2025-12-27 21:57:58,SUCCESS,36.0059,NORMAL
2025-12-27 21:57:58,SUCCESS,36.8711,NORMAL
2025-12-27 21:57:58,SUCCESS,35.153,NORMAL
2025-12-27 21:57:58,SUCCESS,34.3767,NORMAL
2025-12-27 21:57:58,SUCCESS,39.1851,NORMAL
2025-12-27 21:57:58,SUCCESS,35.8143,NORMAL
2025-12-27 21:57:58,SUCCESS,34.427,NORMAL
2025-12-27 21:57:58,SUCCESS,30.6675,NORMAL
2025-12-27 21:57:58,SUCCESS,30.3605,NORMAL
2025-12-27 21:57:58,SUCCESS,33.3683,NORMAL
2025-12-27 21:57:58,SUCCESS,34.4888,NORMAL
2025-12-27 21:57:58,SUCCESS,28.8429,NORMAL
2025-12-27 21:57:58,SUCCESS,32.9977,NORMAL
2025-12-27 21:57:59,SUCCESS,34.9795,NORMAL
2025-12-27 21:57:59,SUCCESS,37.5815,NORMAL
2025-12-27 21:57:59,SUCCESS,36.6387,NORMAL
2025-12-27 21:57:59,SUCCESS,33.1624,NORMAL
2025-12-27 21:57:59,SUCCESS,32.6502,NORMAL
2025-12-27 21:57:59,SUCCESS,39.9061,NORMAL
2025-12-27 21:57:59,SUCCESS,52.3371,NORMAL
2025-12-27 21:57:59,SUCCESS,52.1893,NORMAL
2025-12-27 21:57:59,SUCCESS,39.3903,NORMAL
2025-12-27 21:57:59,SUCCESS,35.1971,NORMAL
2025-12-27 21:57:59,SUCCESS,31.7566,NORMAL
2025-12-27 21:57:59,SUCCESS,34.3796,NORMAL
2025-12-27 21:57:59,SUCCESS,35.3411,NORMAL
2025-12-27 21:58:00,SUCCESS,32.3683,NORMAL
2025-12-27 21:58:00,SUCCESS,34.3888,NORMAL
2025-12-27 21:58:00,SUCCESS,33.2189,NORMAL
2025-12-27 21:58:00,SUCCESS,33.3707,NORMAL
2025-12-27 21:58:00,SUCCESS,35.2519,NORMAL
2025-12-27 21:58:00,SUCCESS,41.2578,NORMAL
2025-12-27 21:58:00,SUCCESS,37.7543,NORMAL
2025-12-27 21:58:00,SUCCESS,56.222,NORMAL
2025-12-27 21:58:00,SUCCESS,67.7109,NORMAL
2025-12-27 21:58:00,SUCCESS,50.132,NORMAL
2025-12-27 21:58:00,SUCCESS,34.5663,NORMAL
2025-12-27 21:58:00,SUCCESS,38.3366,NORMAL
2025-12-27 21:58:00,SUCCESS,40.3709,NORMAL
2025-12-27 21:58:01,SUCCESS,35.5555,NORMAL
2025-12-27 21:58:01,SUCCESS,38.569,NORMAL
2025-12-27 21:58:01,SUCCESS,37.2812,NORMAL
2025-12-27 21:58:01,SUCCESS,40.1201,NORMAL
2025-12-27 21:58:01,SUCCESS,30.9191,NORMAL
2025-12-27 21:58:01,SUCCESS,32.5776,NORMAL
2025-12-27 21:58:01,SUCCESS,33.1742,NORMAL
2025-12-27 21:58:01,SUCCESS,30.6589,NORMAL
2025-12-27 21:58:01,SUCCESS,37.1095,NORMAL
2025-12-27 21:58:01,SUCCESS,49.5555,NORMAL
2025-12-27 21:58:01,SUCCESS,42.18,NORMAL
2025-12-27 21:58:01,SUCCESS,42.2478,NORMAL
2025-12-27 21:58:02,SUCCESS,48.7987,NORMAL
2025-12-27 21:58:02,SUCCESS,59.8226,NORMAL
2025-12-27 21:58:02,SUCCESS,79.49,NORMAL
2025-12-27 21:58:02,SUCCESS,46.5536,NORMAL
2025-12-27 21:58:02,SUCCESS,39.2993,NORMAL
2025-12-27 21:58:02,SUCCESS,57.6843,NORMAL
2025-12-27 21:58:02,SUCCESS,66.3664,NORMAL
2025-12-27 21:58:02,SUCCESS,65.8116,NORMAL
2025-12-27 21:58:02,SUCCESS,56.5272,NORMAL
2025-12-27 21:58:02,SUCCESS,88.2359,NORMAL
2025-12-27 21:58:03,SUCCESS,60.917,NORMAL
2025-12-27 21:58:03,SUCCESS,61.4368,NORMAL
2025-12-27 21:58:03,SUCCESS,53.4738,NORMAL
2025-12-27 21:58:03,SUCCESS,64.4301,NORMAL
2025-12-27 21:58:03,SUCCESS,38.295,NORMAL
2025-12-27 21:58:03,SUCCESS,31.0157,NORMAL
2025-12-27 21:58:03,SUCCESS,39.2809,NORMAL
2025-12-27 21:58:03,SUCCESS,37.1821,NORMAL
2025-12-27 21:58:03,SUCCESS,34.2765,NORMAL
2025-12-27 21:58:03,SUCCESS,42.749,NORMAL
2025-12-27 21:58:03,SUCCESS,44.227,NORMAL
2025-12-27 21:58:04,SUCCESS,39.1464,NORMAL
2025-12-27 21:58:04,SUCCESS,34.9632,NORMAL
2025-12-27 21:58:04,SUCCESS,42.8488,NORMAL
2025-12-27 21:58:04,SUCCESS,39.815,NORMAL
2025-12-27 21:58:04,SUCCESS,38.2863,NORMAL
2025-12-27 21:58:04,SUCCESS,31.6751,NORMAL
2025-12-27 21:58:04,SUCCESS,35.8783,NORMAL
2025-12-27 21:58:04,SUCCESS,34.8828,NORMAL
2025-12-27 21:58:04,SUCCESS,38.9631,NORMAL
2025-12-27 21:58:04,SUCCESS,37.5837,NORMAL
2025-12-27 21:58:04,SUCCESS,32.1357,NORMAL
2025-12-27 21:58:04,SUCCESS,35.8585,NORMAL
2025-12-27 21:58:04,SUCCESS,47.4552,NORMAL
2025-12-27 21:58:05,SUCCESS,36.3862,NORMAL
2025-12-27 21:58:05,SUCCESS,39.4534,NORMAL
2025-12-27 21:58:05,SUCCESS,32.5628,NORMAL
2025-12-27 21:58:05,SUCCESS,35.8572,NORMAL
2025-12-27 21:58:05,SUCCESS,36.682,NORMAL
2025-12-27 21:58:05,SUCCESS,49.9513,NORMAL
2025-12-27 21:58:05,SUCCESS,32.4236,NORMAL
2025-12-27 21:58:05,SUCCESS,37.6361,NORMAL
2025-12-27 21:58:05,SUCCESS,32.2928,NORMAL
2025-12-27 21:58:05,SUCCESS,35.0785,NORMAL
2025-12-27 21:58:05,SUCCESS,47.3417,NORMAL
2025-12-27 21:58:05,SUCCESS,41.6484,NORMAL
2025-12-27 21:58:05,SUCCESS,38.126,NORMAL
2025-12-27 21:58:06,SUCCESS,34.9471,NORMAL
2025-12-27 21:58:06,SUCCESS,35.7174,NORMAL
2025-12-27 21:58:06,SUCCESS,35.4446,NORMAL
2025-12-27 21:58:06,SUCCESS,35.9115,NORMAL
2025-12-27 21:58:06,SUCCESS,32.6376,NORMAL
2025-12-27 21:58:06,SUCCESS,44.3444,NORMAL
2025-12-27 21:58:06,SUCCESS,45.6215,NORMAL
2025-12-27 21:58:06,SUCCESS,40.6269,NORMAL
2025-12-27 21:58:06,SUCCESS,41.1531,NORMAL
2025-12-27 21:58:06,SUCCESS,65.5075,NORMAL
2025-12-27 21:58:06,SUCCESS,46.2737,NORMAL
2025-12-27 21:58:06,SUCCESS,35.2443,NORMAL
2025-12-27 21:58:06,SUCCESS,38.9796,NORMAL
2025-12-27 21:58:07,SUCCESS,38.7455,NORMAL
2025-12-27 21:58:07,SUCCESS,37.6386,NORMAL
2025-12-27 21:58:07,SUCCESS,32.6139,NORMAL
2025-12-27 21:58:07,SUCCESS,33.1871,NORMAL
2025-12-27 21:58:07,SUCCESS,35.8544,NORMAL
2025-12-27 21:58:07,SUCCESS,43.365,NORMAL
2025-12-27 21:58:07,SUCCESS,34.7864,NORMAL
2025-12-27 21:58:07,SUCCESS,53.5653,NORMAL
2025-12-27 21:58:07,SUCCESS,40.2372,NORMAL
2025-12-27 21:58:07,SUCCESS,41.2421,NORMAL
2025-12-27 21:58:07,SUCCESS,42.0768,NORMAL
2025-12-27 21:58:07,SUCCESS,41.1627,NORMAL
2025-12-27 21:58:08,SUCCESS,46.0949,NORMAL
2025-12-27 21:58:08,SUCCESS,43.7263,NORMAL
2025-12-27 21:58:08,SUCCESS,44.313,NORMAL
2025-12-27 21:58:08,SUCCESS,44.5482,NORMAL
2025-12-27 21:58:08,SUCCESS,34.8145,NORMAL
2025-12-27 21:58:08,SUCCESS,42.446,NORMAL
2025-12-27 21:58:08,SUCCESS,38.2635,NORMAL
2025-12-27 21:58:08,SUCCESS,37.116,NORMAL
2025-12-27 21:58:08,SUCCESS,41.4386,NORMAL
2025-12-27 21:58:08,SUCCESS,35.5536,NORMAL
2025-12-27 21:58:08,SUCCESS,35.8624,NORMAL
2025-12-27 21:58:08,SUCCESS,41.6317,NORMAL
2025-12-27 21:58:08,SUCCESS,39.3826,NORMAL
2025-12-27 21:58:09,SUCCESS,38.8205,NORMAL
2025-12-27 21:58:09,SUCCESS,34.1531,NORMAL
2025-12-27 21:58:09,SUCCESS,37.3456,NORMAL
2025-12-27 21:58:09,SUCCESS,34.355,NORMAL
2025-12-27 21:58:09,SUCCESS,40.4352,NORMAL
2025-12-27 21:58:09,SUCCESS,37.8049,NORMAL
2025-12-27 21:58:09,SUCCESS,37.697,NORMAL
2025-12-27 21:58:09,SUCCESS,35.7486,NORMAL
2025-12-27 21:58:09,SUCCESS,39.7115,NORMAL
2025-12-27 21:58:09,SUCCESS,35.8999,NORMAL
2025-12-27 21:58:09,SUCCESS,43.1717,NORMAL
2025-12-27 21:58:09,SUCCESS,38.755,NORMAL
2025-12-27 21:58:09,SUCCESS,42.5968,NORMAL
2025-12-27 21:58:10,SUCCESS,48.0345,NORMAL
2025-12-27 21:58:10,SUCCESS,37.7743,NORMAL
2025-12-27 21:58:10,SUCCESS,40.2642,NORMAL
2025-12-27 21:58:10,SUCCESS,38.3917,NORMAL
2025-12-27 21:58:10,SUCCESS,33.2897,NORMAL
2025-12-27 21:58:10,SUCCESS,37.9255,NORMAL
2025-12-27 21:58:10,SUCCESS,36.6945,NORMAL
2025-12-27 21:58:10,SUCCESS,42.3727,NORMAL
2025-12-27 21:58:10,SUCCESS,34.1656,NORMAL
2025-12-27 21:58:10,SUCCESS,34.7828,NORMAL
2025-12-27 21:58:10,SUCCESS,34.3002,NORMAL
2025-12-27 21:58:10,SUCCESS,35.0076,NORMAL
2025-12-27 21:58:10,SUCCESS,37.2701,NORMAL
2025-12-27 21:58:10,SUCCESS,34.502,NORMAL
2025-12-27 21:58:11,SUCCESS,31.206,NORMAL
2025-12-27 21:58:11,SUCCESS,35.5157,NORMAL
2025-12-27 21:58:11,SUCCESS,36.137,NORMAL
2025-12-27 21:58:11,SUCCESS,38.2846,NORMAL
2025-12-27 21:58:11,SUCCESS,40.3277,NORMAL
2025-12-27 21:58:11,SUCCESS,37.8047,NORMAL
2025-12-27 21:58:11,SUCCESS,35.9295,NORMAL
2025-12-27 21:58:11,SUCCESS,45.398,NORMAL
2025-12-27 21:58:11,SUCCESS,42.8442,NORMAL
2025-12-27 21:58:11,SUCCESS,55.9199,NORMAL
2025-12-27 21:58:11,SUCCESS,36.3593,NORMAL
2025-12-27 21:58:11,SUCCESS,39.7766,NORMAL
2025-12-27 21:58:12,SUCCESS,37.4788,NORMAL
2025-12-27 21:58:12,SUCCESS,41.7832,NORMAL
2025-12-27 21:58:12,SUCCESS,41.092,NORMAL
2025-12-27 21:58:12,SUCCESS,46.7161,NORMAL
2025-12-27 21:58:12,SUCCESS,38.0194,NORMAL
2025-12-27 21:58:12,SUCCESS,43.1665,NORMAL
2025-12-27 21:58:12,SUCCESS,48.5004,NORMAL
2025-12-27 21:58:12,SUCCESS,45.8539,NORMAL
2025-12-27 21:58:12,SUCCESS,43.2245,NORMAL
2025-12-27 21:58:12,SUCCESS,50.0659,NORMAL
2025-12-27 21:58:12,SUCCESS,45.2901,NORMAL
2025-12-27 21:58:12,SUCCESS,66.4725,NORMAL
2025-12-27 21:58:13,SUCCESS,51.7776,NORMAL
2025-12-27 21:58:13,SUCCESS,55.3708,NORMAL
2025-12-27 21:58:13,SUCCESS,50.8593,NORMAL
2025-12-27 21:58:13,SUCCESS,60.8142,NORMAL
2025-12-27 21:58:13,SUCCESS,54.2337,NORMAL
2025-12-27 21:58:13,SUCCESS,49.0011,NORMAL
2025-12-27 21:58:13,SUCCESS,42.8121,NORMAL
2025-12-27 21:58:13,SUCCESS,43.7973,NORMAL
2025-12-27 21:58:13,SUCCESS,47.5589,NORMAL
2025-12-27 21:58:13,SUCCESS,40.3732,NORMAL
2025-12-27 21:58:13,SUCCESS,41.4941,NORMAL
2025-12-27 21:58:14,SUCCESS,45.4191,NORMAL
2025-12-27 21:58:14,SUCCESS,59.5044,NORMAL
2025-12-27 21:58:14,SUCCESS,40.8235,NORMAL
2025-12-27 21:58:14,SUCCESS,40.7165,NORMAL
2025-12-27 21:58:14,SUCCESS,46.4745,NORMAL
2025-12-27 21:58:14,SUCCESS,41.5437,NORMAL
2025-12-27 21:58:14,SUCCESS,40.7542,NORMAL
2025-12-27 21:58:14,SUCCESS,44.8341,NORMAL
2025-12-27 21:58:14,SUCCESS,44.6098,NORMAL
2025-12-27 21:58:14,SUCCESS,42.6027,NORMAL
2025-12-27 21:58:14,SUCCESS,43.4396,NORMAL
2025-12-27 21:58:14,SUCCESS,45.8653,NORMAL
2025-12-27 21:58:15,SUCCESS,38.0974,NORMAL
2025-12-27 21:58:15,SUCCESS,38.7954,NORMAL
2025-12-27 21:58:15,SUCCESS,42.0477,NORMAL
2025-12-27 21:58:15,SUCCESS,42.6402,NORMAL
2025-12-27 21:58:15,SUCCESS,44.2231,NORMAL
2025-12-27 21:58:15,SUCCESS,52.2204,NORMAL
2025-12-27 21:58:15,SUCCESS,53.5793,NORMAL
2025-12-27 21:58:15,SUCCESS,56.6325,NORMAL
2025-12-27 21:58:15,SUCCESS,44.4407,NORMAL
2025-12-27 21:58:15,SUCCESS,41.0824,NORMAL
2025-12-27 21:58:15,SUCCESS,39.4696,NORMAL
2025-12-27 21:58:15,SUCCESS,42.2635,NORMAL
2025-12-27 21:58:16,SUCCESS,42.4823,NORMAL
2025-12-27 21:58:16,SUCCESS,40.1783,NORMAL
2025-12-27 21:58:16,SUCCESS,37.0329,NORMAL
2025-12-27 21:58:16,SUCCESS,38.4256,NORMAL
2025-12-27 21:58:16,SUCCESS,45.4589,NORMAL
2025-12-27 21:58:16,SUCCESS,42.3419,NORMAL
2025-12-27 21:58:16,SUCCESS,41.4029,NORMAL
2025-12-27 21:58:16,SUCCESS,45.8651,NORMAL
2025-12-27 21:58:16,SUCCESS,50.3841,NORMAL
2025-12-27 21:58:16,SUCCESS,53.4752,NORMAL
2025-12-27 21:58:16,SUCCESS,46.5728,NORMAL
2025-12-27 21:58:16,SUCCESS,39.6989,NORMAL
2025-12-27 21:58:17,SUCCESS,42.1365,NORMAL
2025-12-27 21:58:17,SUCCESS,42.1205,NORMAL
2025-12-27 21:58:17,SUCCESS,38.6751,NORMAL
2025-12-27 21:58:17,SUCCESS,40.0732,NORMAL
2025-12-27 21:58:17,SUCCESS,44.2629,NORMAL
2025-12-27 21:58:17,SUCCESS,44.1425,NORMAL
2025-12-27 21:58:17,SUCCESS,43.423,NORMAL
2025-12-27 21:58:17,SUCCESS,36.4713,NORMAL
2025-12-27 21:58:17,SUCCESS,45.3006,NORMAL
2025-12-27 21:58:17,SUCCESS,36.1362,NORMAL
2025-12-27 21:58:17,SUCCESS,42.789,NORMAL
2025-12-27 21:58:17,SUCCESS,37.6631,NORMAL
2025-12-27 21:58:18,SUCCESS,221.779,NORMAL
2025-12-27 21:58:21,SUCCESS,3192.06,NORMAL
2025-12-27 21:58:21,SUCCESS,44.4035,NORMAL
2025-12-27 21:58:21,SUCCESS,34.9135,NORMAL
2025-12-27 21:58:21,SUCCESS,36.6683,NORMAL
2025-12-27 21:58:21,SUCCESS,36.9882,NORMAL
2025-12-27 21:58:21,SUCCESS,37.4579,NORMAL
2025-12-27 21:58:21,SUCCESS,34.7568,NORMAL
2025-12-27 21:58:21,SUCCESS,38.9795,NORMAL
2025-12-27 21:58:22,SUCCESS,35.1764,NORMAL
2025-12-27 21:58:22,SUCCESS,38.9514,NORMAL
2025-12-27 21:58:22,SUCCESS,40.2868,NORMAL
2025-12-27 21:58:22,SUCCESS,38.2206,NORMAL
2025-12-27 21:58:22,SUCCESS,37.0777,NORMAL
2025-12-27 21:58:22,SUCCESS,35.8331,NORMAL
2025-12-27 21:58:22,SUCCESS,47.3378,NORMAL
2025-12-27 21:58:22,SUCCESS,38.8234,NORMAL
2025-12-27 21:58:22,SUCCESS,41.1948,NORMAL
2025-12-27 21:58:22,SUCCESS,42.9452,NORMAL
2025-12-27 21:58:22,SUCCESS,46.2179,NORMAL
2025-12-27 21:58:22,SUCCESS,41.0798,NORMAL
2025-12-27 21:58:23,SUCCESS,41.0866,NORMAL
2025-12-27 21:58:23,SUCCESS,39.4111,NORMAL
2025-12-27 21:58:23,SUCCESS,39.2903,NORMAL
2025-12-27 21:58:23,SUCCESS,35.263,NORMAL
2025-12-27 21:58:23,SUCCESS,37.2579,NORMAL
2025-12-27 21:58:23,SUCCESS,37.3157,NORMAL
2025-12-27 21:58:23,SUCCESS,41.1791,NORMAL
2025-12-27 21:58:23,SUCCESS,39.9786,NORMAL
2025-12-27 21:58:23,SUCCESS,35.9021,NORMAL
2025-12-27 21:58:23,SUCCESS,35.2624,NORMAL
2025-12-27 21:58:23,SUCCESS,37.8404,NORMAL
2025-12-27 21:58:23,SUCCESS,37.4984,NORMAL
2025-12-27 21:58:23,SUCCESS,37.6688,NORMAL
2025-12-27 21:58:24,SUCCESS,44.9849,NORMAL
2025-12-27 21:58:24,SUCCESS,45.6094,NORMAL
2025-12-27 21:58:24,SUCCESS,44.4712,NORMAL
2025-12-27 21:58:24,SUCCESS,40.4779,NORMAL
2025-12-27 21:58:24,SUCCESS,37.7038,NORMAL
2025-12-27 21:58:24,SUCCESS,39.7069,NORMAL
2025-12-27 21:58:24,SUCCESS,37.6996,NORMAL
2025-12-27 21:58:24,SUCCESS,40.866,NORMAL
2025-12-27 21:58:24,SUCCESS,39.1312,NORMAL
2025-12-27 21:58:24,SUCCESS,46.2039,NORMAL
2025-12-27 21:58:24,SUCCESS,51.0347,NORMAL
2025-12-27 21:58:24,SUCCESS,38.5294,NORMAL
2025-12-27 21:58:24,SUCCESS,40.8357,NORMAL
2025-12-27 21:58:25,SUCCESS,46.6636,NORMAL
2025-12-27 21:58:25,SUCCESS,44.7541,NORMAL
2025-12-27 21:58:25,SUCCESS,42.2336,NORMAL
2025-12-27 21:58:25,SUCCESS,45.5306,NORMAL
2025-12-27 21:58:25,SUCCESS,37.1325,NORMAL
2025-12-27 21:58:25,SUCCESS,36.8482,NORMAL
2025-12-27 21:58:25,SUCCESS,40.9178,NORMAL
2025-12-27 21:58:25,SUCCESS,46.6137,NORMAL
2025-12-27 21:58:25,SUCCESS,47.8593,NORMAL
2025-12-27 21:58:25,SUCCESS,39.6623,NORMAL
2025-12-27 21:58:25,SUCCESS,49.1458,NORMAL
2025-12-27 21:58:25,SUCCESS,62.3854,NORMAL
2025-12-27 21:58:26,SUCCESS,62.4105,NORMAL
2025-12-27 21:58:26,SUCCESS,56.7704,NORMAL
2025-12-27 21:58:26,SUCCESS,329.379,DISRUPTED
2025-12-27 21:58:26,SUCCESS,45.7485,DISRUPTED
2025-12-27 21:58:27,SUCCESS,355.513,DISRUPTED
2025-12-27 21:58:27,SUCCESS,38.7956,DISRUPTED
2025-12-27 21:58:27,SUCCESS,313.173,DISRUPTED
2025-12-27 21:58:27,SUCCESS,43.8579,DISRUPTED
2025-12-27 21:58:27,SUCCESS,373.612,DISRUPTED
2025-12-27 21:58:28,SUCCESS,87.7572,DISRUPTED
2025-12-27 21:58:28,SUCCESS,322.12,DISRUPTED
2025-12-27 21:58:28,SUCCESS,39.9203,DISRUPTED
2025-12-27 21:58:28,SUCCESS,347.508,DISRUPTED
2025-12-27 21:58:29,SUCCESS,34.9375,DISRUPTED
2025-12-27 21:58:29,SUCCESS,360.458,DISRUPTED
2025-12-27 21:58:29,SUCCESS,34.2527,DISRUPTED
2025-12-27 21:58:29,SUCCESS,344.531,DISRUPTED
2025-12-27 21:58:29,SUCCESS,37.1751,DISRUPTED
2025-12-27 21:58:30,SUCCESS,319.685,DISRUPTED
2025-12-27 21:58:30,SUCCESS,37.5516,DISRUPTED
2025-12-27 21:58:30,SUCCESS,337.404,DISRUPTED
2025-12-27 21:58:30,SUCCESS,31.5385,DISRUPTED
2025-12-27 21:58:31,SUCCESS,355.235,DISRUPTED
2025-12-27 21:58:31,SUCCESS,34.6073,DISRUPTED
2025-12-27 21:58:31,SUCCESS,305.16,DISRUPTED
2025-12-27 21:58:31,SUCCESS,32.5443,DISRUPTED
2025-12-27 21:58:32,SUCCESS,334.995,DISRUPTED
2025-12-27 21:58:32,SUCCESS,38.2491,DISRUPTED
2025-12-27 21:58:32,SUCCESS,337.337,DISRUPTED
2025-12-27 21:58:32,SUCCESS,41.5686,DISRUPTED
2025-12-27 21:58:33,SUCCESS,363.749,DISRUPTED
2025-12-27 21:58:33,SUCCESS,35.5997,DISRUPTED
2025-12-27 21:58:33,SUCCESS,315.199,DISRUPTED
2025-12-27 21:58:33,SUCCESS,39.0821,DISRUPTED
2025-12-27 21:58:33,SUCCESS,321.28,DISRUPTED
2025-12-27 21:58:33,SUCCESS,33.5828,DISRUPTED
2025-12-27 21:58:34,SUCCESS,352.668,DISRUPTED
2025-12-27 21:58:34,SUCCESS,36.0861,DISRUPTED
2025-12-27 21:58:34,SUCCESS,355.437,DISRUPTED
2025-12-27 21:58:34,SUCCESS,35.3438,DISRUPTED
2025-12-27 21:58:35,SUCCESS,372.574,DISRUPTED
2025-12-27 21:58:35,SUCCESS,34.2355,DISRUPTED
2025-12-27 21:58:35,SUCCESS,341.848,DISRUPTED
2025-12-27 21:58:35,SUCCESS,33.7113,DISRUPTED
2025-12-27 21:58:36,SUCCESS,349.841,DISRUPTED
2025-12-27 21:58:36,SUCCESS,47.9649,DISRUPTED
2025-12-27 21:58:36,SUCCESS,322.637,DISRUPTED
2025-12-27 21:58:36,SUCCESS,36.1368,DISRUPTED
2025-12-27 21:58:37,SUCCESS,360.918,DISRUPTED
2025-12-27 21:58:37,SUCCESS,34.2683,DISRUPTED
2025-12-27 21:58:37,SUCCESS,329.824,DISRUPTED
2025-12-27 21:58:37,SUCCESS,33.1623,DISRUPTED
2025-12-27 21:58:38,SUCCESS,366.203,DISRUPTED
2025-12-27 21:58:38,SUCCESS,32.0033,DISRUPTED
2025-12-27 21:58:38,SUCCESS,301.172,DISRUPTED
2025-12-27 21:58:38,SUCCESS,34.3276,DISRUPTED
2025-12-27 21:58:38,SUCCESS,296.785,DISRUPTED
2025-12-27 21:58:38,SUCCESS,31.6863,DISRUPTED
2025-12-27 21:58:39,SUCCESS,297.729,DISRUPTED
2025-12-27 21:58:39,SUCCESS,34.5371,DISRUPTED
2025-12-27 21:58:39,SUCCESS,350.555,DISRUPTED
2025-12-27 21:58:39,SUCCESS,35.7114,DISRUPTED
2025-12-27 21:58:40,SUCCESS,308.233,DISRUPTED
2025-12-27 21:58:40,SUCCESS,40.897,DISRUPTED
2025-12-27 21:58:40,SUCCESS,344.836,DISRUPTED
2025-12-27 21:58:40,SUCCESS,34.5437,DISRUPTED
2025-12-27 21:58:41,SUCCESS,335.655,DISRUPTED
2025-12-27 21:58:41,SUCCESS,35.1802,DISRUPTED
2025-12-27 21:58:41,SUCCESS,332.138,DISRUPTED
2025-12-27 21:58:41,SUCCESS,36.1632,DISRUPTED
2025-12-27 21:58:42,SUCCESS,350.14,DISRUPTED
2025-12-27 21:58:42,SUCCESS,49.5668,DISRUPTED
2025-12-27 21:58:42,SUCCESS,334.454,DISRUPTED
2025-12-27 21:58:42,SUCCESS,35.2862,DISRUPTED
2025-12-27 21:58:42,SUCCESS,315.28,DISRUPTED
2025-12-27 21:58:42,SUCCESS,37.2682,DISRUPTED
2025-12-27 21:58:43,SUCCESS,357.347,DISRUPTED
2025-12-27 21:58:43,SUCCESS,36.3776,DISRUPTED
2025-12-27 21:58:43,SUCCESS,323.262,DISRUPTED
2025-12-27 21:58:43,SUCCESS,34.3659,DISRUPTED
2025-12-27 21:58:44,SUCCESS,332.344,DISRUPTED
2025-12-27 21:58:44,SUCCESS,54.8432,DISRUPTED
2025-12-27 21:58:44,SUCCESS,330.065,DISRUPTED
2025-12-27 21:58:44,SUCCESS,33.9314,DISRUPTED
2025-12-27 21:58:45,SUCCESS,337.848,DISRUPTED
2025-12-27 21:58:45,SUCCESS,46.3238,DISRUPTED
2025-12-27 21:58:45,SUCCESS,307.14,DISRUPTED
2025-12-27 21:58:45,SUCCESS,41.1095,DISRUPTED
2025-12-27 21:58:46,SUCCESS,343.816,DISRUPTED
2025-12-27 21:58:46,SUCCESS,46.4706,DISRUPTED
2025-12-27 21:58:46,SUCCESS,378.247,DISRUPTED
2025-12-27 21:58:46,SUCCESS,41.9626,DISRUPTED
2025-12-27 21:58:47,SUCCESS,347.778,DISRUPTED
2025-12-27 21:58:47,SUCCESS,37.3344,NORMAL
2025-12-27 21:58:47,SUCCESS,44.6944,NORMAL
2025-12-27 21:58:47,SUCCESS,46.9265,NORMAL
2025-12-27 21:58:47,SUCCESS,45.7259,NORMAL
2025-12-27 21:58:47,SUCCESS,44.7022,NORMAL
2025-12-27 21:58:47,SUCCESS,42.8443,NORMAL
2025-12-27 21:58:47,SUCCESS,40.9053,NORMAL
2025-12-27 21:58:47,SUCCESS,35.6024,NORMAL
2025-12-27 21:58:47,SUCCESS,46.1551,NORMAL
2025-12-27 21:58:47,SUCCESS,45.5339,NORMAL
2025-12-27 21:58:47,SUCCESS,56.4403,NORMAL
2025-12-27 21:58:48,SUCCESS,42.982,NORMAL
2025-12-27 21:58:48,SUCCESS,34.8912,NORMAL
2025-12-27 21:58:48,SUCCESS,46.7254,NORMAL
2025-12-27 21:58:48,SUCCESS,45.3794,NORMAL
2025-12-27 21:58:48,SUCCESS,38.3719,NORMAL
2025-12-27 21:58:48,SUCCESS,51.626,NORMAL
2025-12-27 21:58:48,SUCCESS,51.5109,NORMAL
2025-12-27 21:58:48,SUCCESS,44.5774,NORMAL
2025-12-27 21:58:48,SUCCESS,39.1958,NORMAL
2025-12-27 21:58:48,SUCCESS,40.4996,NORMAL
2025-12-27 21:58:48,SUCCESS,45.2731,NORMAL
2025-12-27 21:58:49,SUCCESS,61.4793,NORMAL
2025-12-27 21:58:49,SUCCESS,45.266,NORMAL
2025-12-27 21:58:49,SUCCESS,39.2703,NORMAL
2025-12-27 21:58:49,SUCCESS,40.8289,NORMAL
2025-12-27 21:58:49,SUCCESS,41.8839,NORMAL
2025-12-27 21:58:49,SUCCESS,40.0051,NORMAL
2025-12-27 21:58:49,SUCCESS,37.9158,NORMAL
2025-12-27 21:58:49,SUCCESS,46.879,NORMAL
2025-12-27 21:58:49,SUCCESS,39.7497,NORMAL
2025-12-27 21:58:49,SUCCESS,39.0508,NORMAL
2025-12-27 21:58:49,SUCCESS,40.0877,NORMAL
2025-12-27 21:58:49,SUCCESS,39.6462,NORMAL
2025-12-27 21:58:49,SUCCESS,42.2268,NORMAL
2025-12-27 21:58:50,SUCCESS,41.8915,NORMAL
2025-12-27 21:58:50,SUCCESS,52.0512,NORMAL
2025-12-27 21:58:50,SUCCESS,45.2274,NORMAL
2025-12-27 21:58:50,SUCCESS,44.3696,NORMAL
2025-12-27 21:58:50,SUCCESS,41.2681,NORMAL
2025-12-27 21:58:50,SUCCESS,61.9123,NORMAL
2025-12-27 21:58:50,SUCCESS,60.3995,NORMAL
2025-12-27 21:58:50,SUCCESS,54.1164,NORMAL
2025-12-27 21:58:50,SUCCESS,59.6508,NORMAL
2025-12-27 21:58:50,SUCCESS,54.3295,NORMAL
2025-12-27 21:58:50,SUCCESS,41.1844,NORMAL
2025-12-27 21:58:51,SUCCESS,44.9093,NORMAL
2025-12-27 21:58:51,SUCCESS,57.2167,NORMAL
2025-12-27 21:58:51,SUCCESS,63.7885,NORMAL
2025-12-27 21:58:51,SUCCESS,267.088,NORMAL
2025-12-27 21:58:54,SUCCESS,58.2344,NORMAL
2025-12-27 21:58:54,SUCCESS,55.6817,NORMAL
2025-12-27 21:58:55,SUCCESS,58.4114,NORMAL
2025-12-27 21:58:55,SUCCESS,60.0558,NORMAL
2025-12-27 21:58:55,SUCCESS,46.1116,NORMAL
2025-12-27 21:58:55,SUCCESS,49.7417,NORMAL
2025-12-27 21:58:55,SUCCESS,63.5951,NORMAL
2025-12-27 21:58:55,SUCCESS,46.0858,NORMAL
2025-12-27 21:58:55,SUCCESS,75.1732,NORMAL
2025-12-27 21:58:55,SUCCESS,82.0454,NORMAL
2025-12-27 21:58:55,SUCCESS,43.6293,NORMAL
2025-12-27 21:58:55,SUCCESS,54.2682,NORMAL
2025-12-27 21:58:56,SUCCESS,50.8327,NORMAL
2025-12-27 21:58:56,SUCCESS,49.3963,NORMAL
2025-12-27 21:58:56,SUCCESS,45.2463,NORMAL
2025-12-27 21:58:56,SUCCESS,48.8649,NORMAL
2025-12-27 21:58:56,SUCCESS,39.2801,NORMAL
2025-12-27 21:58:56,SUCCESS,41.7634,NORMAL
2025-12-27 21:58:56,SUCCESS,40.4145,NORMAL
2025-12-27 21:58:56,SUCCESS,46.1696,NORMAL
2025-12-27 21:58:56,SUCCESS,43.9295,NORMAL
2025-12-27 21:58:56,SUCCESS,48.7216,NORMAL
2025-12-27 21:58:56,SUCCESS,45.9752,NORMAL
2025-12-27 21:58:56,SUCCESS,46.3354,NORMAL
2025-12-27 21:58:57,SUCCESS,39.7906,NORMAL
2025-12-27 21:58:57,SUCCESS,43.6166,NORMAL
2025-12-27 21:58:57,SUCCESS,49.9436,NORMAL
2025-12-27 21:58:57,SUCCESS,42.7489,NORMAL
2025-12-27 21:58:57,SUCCESS,45.1248,NORMAL
2025-12-27 21:58:57,SUCCESS,50.1986,NORMAL
2025-12-27 21:58:57,SUCCESS,39.9894,NORMAL
2025-12-27 21:58:57,SUCCESS,38.5458,NORMAL
2025-12-27 21:58:57,SUCCESS,38.3479,NORMAL
2025-12-27 21:58:57,SUCCESS,36.135,NORMAL
2025-12-27 21:58:57,SUCCESS,44.3757,NORMAL
2025-12-27 21:58:57,SUCCESS,37.4674,NORMAL
2025-12-27 21:58:58,SUCCESS,42.4114,NORMAL
2025-12-27 21:58:58,SUCCESS,44.3145,NORMAL
2025-12-27 21:58:58,SUCCESS,47.4953,NORMAL
2025-12-27 21:58:58,SUCCESS,48.2345,NORMAL
2025-12-27 21:58:58,SUCCESS,45.5167,NORMAL
2025-12-27 21:58:58,SUCCESS,55.7376,NORMAL
2025-12-27 21:58:58,SUCCESS,39.7579,NORMAL
2025-12-27 21:58:58,SUCCESS,36.5008,NORMAL
2025-12-27 21:58:58,SUCCESS,40.2061,NORMAL
2025-12-27 21:58:58,SUCCESS,35.3182,NORMAL
2025-12-27 21:58:58,SUCCESS,50.1663,NORMAL
2025-12-27 21:58:58,SUCCESS,36.5383,NORMAL
2025-12-27 21:58:59,SUCCESS,38.745,NORMAL
2025-12-27 21:58:59,SUCCESS,40.5822,NORMAL
2025-12-27 21:58:59,SUCCESS,42.9531,NORMAL
2025-12-27 21:58:59,SUCCESS,36.9469,NORMAL
2025-12-27 21:58:59,SUCCESS,38.1817,NORMAL
2025-12-27 21:58:59,SUCCESS,33.1884,NORMAL
2025-12-27 21:58:59,SUCCESS,43.2164,NORMAL
2025-12-27 21:58:59,SUCCESS,32.2831,NORMAL
2025-12-27 21:58:59,SUCCESS,40.2957,NORMAL
2025-12-27 21:58:59,SUCCESS,48.8195,NORMAL
2025-12-27 21:58:59,SUCCESS,34.8901,NORMAL
2025-12-27 21:58:59,SUCCESS,39.4063,NORMAL
2025-12-27 21:58:59,SUCCESS,39.9034,NORMAL
2025-12-27 21:59:00,SUCCESS,36.0377,NORMAL
2025-12-27 21:59:00,SUCCESS,37.7472,NORMAL
2025-12-27 21:59:00,SUCCESS,37.1529,NORMAL
2025-12-27 21:59:00,SUCCESS,40.8479,NORMAL
2025-12-27 21:59:00,SUCCESS,44.5176,NORMAL
2025-12-27 21:59:00,SUCCESS,45.5766,NORMAL
2025-12-27 21:59:00,SUCCESS,48.6414,NORMAL
2025-12-27 21:59:00,SUCCESS,44.9606,NORMAL
2025-12-27 21:59:00,SUCCESS,42.1597,NORMAL
2025-12-27 21:59:00,SUCCESS,40.3653,NORMAL
2025-12-27 21:59:00,SUCCESS,42.0267,NORMAL
2025-12-27 21:59:00,SUCCESS,40.7509,NORMAL
2025-12-27 21:59:01,SUCCESS,42.9893,NORMAL
2025-12-27 21:59:01,SUCCESS,34.4098,NORMAL
2025-12-27 21:59:01,SUCCESS,39.2183,NORMAL
2025-12-27 21:59:01,SUCCESS,44.3102,NORMAL
2025-12-27 21:59:01,SUCCESS,43.7353,NORMAL
2025-12-27 21:59:01,SUCCESS,37.667,NORMAL
2025-12-27 21:59:01,SUCCESS,31.4166,NORMAL
2025-12-27 21:59:01,SUCCESS,39.1712,NORMAL
2025-12-27 21:59:01,SUCCESS,38.9745,NORMAL
2025-12-27 21:59:01,SUCCESS,46.9218,NORMAL
2025-12-27 21:59:01,SUCCESS,37.9505,NORMAL
2025-12-27 21:59:01,SUCCESS,44.6151,NORMAL
2025-12-27 21:59:01,SUCCESS,37.4325,NORMAL
2025-12-27 21:59:02,SUCCESS,36.2235,NORMAL
2025-12-27 21:59:02,SUCCESS,31.9395,NORMAL
2025-12-27 21:59:02,SUCCESS,36.946,NORMAL
2025-12-27 21:59:02,SUCCESS,46.9113,NORMAL
2025-12-27 21:59:02,SUCCESS,46.9058,NORMAL
2025-12-27 21:59:02,SUCCESS,46.5155,NORMAL
2025-12-27 21:59:02,SUCCESS,36.6086,NORMAL
2025-12-27 21:59:02,SUCCESS,40.6391,NORMAL
2025-12-27 21:59:02,SUCCESS,40.9377,NORMAL
2025-12-27 21:59:02,SUCCESS,38.3716,NORMAL
2025-12-27 21:59:02,SUCCESS,33.6851,NORMAL
2025-12-27 21:59:02,SUCCESS,30.3194,NORMAL
2025-12-27 21:59:02,SUCCESS,31.0089,NORMAL
2025-12-27 21:59:03,SUCCESS,33.9817,NORMAL
2025-12-27 21:59:03,SUCCESS,47.3359,NORMAL
2025-12-27 21:59:03,SUCCESS,33.1607,NORMAL
2025-12-27 21:59:03,SUCCESS,33.4475,NORMAL
2025-12-27 21:59:03,SUCCESS,41.4783,NORMAL
2025-12-27 21:59:03,SUCCESS,34.4973,NORMAL
2025-12-27 21:59:03,SUCCESS,34.2187,NORMAL
2025-12-27 21:59:03,SUCCESS,38.9267,NORMAL
2025-12-27 21:59:03,SUCCESS,37.1572,NORMAL
2025-12-27 21:59:03,SUCCESS,28.5745,NORMAL
2025-12-27 21:59:03,SUCCESS,30.7943,NORMAL
2025-12-27 21:59:03,SUCCESS,34.6632,NORMAL
2025-12-27 21:59:03,SUCCESS,25.1741,NORMAL
2025-12-27 21:59:04,SUCCESS,29.1621,NORMAL
2025-12-27 21:59:04,SUCCESS,27.499,NORMAL
2025-12-27 21:59:04,SUCCESS,24.5574,NORMAL
2025-12-27 21:59:04,SUCCESS,27.313,NORMAL
2025-12-27 21:59:04,SUCCESS,25.1812,NORMAL
2025-12-27 21:59:04,SUCCESS,22.4297,NORMAL
2025-12-27 21:59:04,SUCCESS,37.3048,NORMAL
2025-12-27 21:59:04,SUCCESS,39.5629,NORMAL
2025-12-27 21:59:04,SUCCESS,58.6204,NORMAL
2025-12-27 21:59:04,SUCCESS,49.2054,NORMAL
2025-12-27 21:59:04,SUCCESS,26.2728,NORMAL
2025-12-27 21:59:04,SUCCESS,28.7777,NORMAL
2025-12-27 21:59:04,SUCCESS,31.6411,NORMAL
2025-12-27 21:59:04,SUCCESS,22.7675,NORMAL
2025-12-27 21:59:05,SUCCESS,20.428,NORMAL
2025-12-27 21:59:05,SUCCESS,27.6377,NORMAL
2025-12-27 21:59:05,SUCCESS,27.9886,NORMAL
2025-12-27 21:59:05,SUCCESS,26.6304,NORMAL
2025-12-27 21:59:05,SUCCESS,33.661,NORMAL
2025-12-27 21:59:05,SUCCESS,32.3826,NORMAL
2025-12-27 21:59:05,SUCCESS,19.537,NORMAL
2025-12-27 21:59:05,SUCCESS,26.7817,NORMAL
2025-12-27 21:59:05,SUCCESS,33.7425,NORMAL
2025-12-27 21:59:05,SUCCESS,31.3519,NORMAL
2025-12-27 21:59:05,SUCCESS,107.104,NORMAL
2025-12-27 21:59:06,SUCCESS,203.566,NORMAL
2025-12-27 21:59:06,SUCCESS,40.0554,NORMAL
2025-12-27 21:59:06,SUCCESS,31.1362,NORMAL
2025-12-27 21:59:06,SUCCESS,23.8172,NORMAL
2025-12-27 21:59:06,SUCCESS,42.1452,NORMAL
2025-12-27 21:59:06,SUCCESS,32.2835,NORMAL
2025-12-27 21:59:06,SUCCESS,38.3124,NORMAL
2025-12-27 21:59:06,SUCCESS,30.4136,NORMAL
2025-12-27 21:59:06,SUCCESS,34.8862,NORMAL
2025-12-27 21:59:06,SUCCESS,31.7948,NORMAL
2025-12-27 21:59:06,SUCCESS,25.3832,NORMAL
2025-12-27 21:59:06,SUCCESS,30.6469,NORMAL
2025-12-27 21:59:06,SUCCESS,30.619,NORMAL
2025-12-27 21:59:06,SUCCESS,21.7554,NORMAL
2025-12-27 21:59:07,SUCCESS,28.2724,NORMAL
2025-12-27 21:59:07,SUCCESS,20.9637,NORMAL
2025-12-27 21:59:07,SUCCESS,23.3971,NORMAL
2025-12-27 21:59:07,SUCCESS,23.4703,NORMAL
2025-12-27 21:59:07,SUCCESS,21.9637,NORMAL
2025-12-27 21:59:07,SUCCESS,29.1585,NORMAL
2025-12-27 21:59:07,SUCCESS,24.4095,NORMAL
2025-12-27 21:59:07,SUCCESS,20.9835,NORMAL
2025-12-27 21:59:07,SUCCESS,26.1036,NORMAL
2025-12-27 21:59:07,SUCCESS,25.4192,NORMAL
2025-12-27 21:59:07,SUCCESS,33.5114,NORMAL
2025-12-27 21:59:07,SUCCESS,29.225,NORMAL
2025-12-27 21:59:07,SUCCESS,34.6909,NORMAL
2025-12-27 21:59:07,SUCCESS,27.5759,NORMAL
2025-12-27 21:59:07,SUCCESS,25.99,NORMAL
2025-12-27 21:59:08,SUCCESS,28.548,NORMAL
2025-12-27 21:59:08,SUCCESS,26.4318,NORMAL
2025-12-27 21:59:08,SUCCESS,31.1059,NORMAL
2025-12-27 21:59:08,SUCCESS,28.0351,NORMAL
2025-12-27 21:59:08,SUCCESS,22.592,NORMAL
2025-12-27 21:59:08,SUCCESS,23.8439,NORMAL
2025-12-27 21:59:08,SUCCESS,27.079,NORMAL
2025-12-27 21:59:08,SUCCESS,31.0285,NORMAL
2025-12-27 21:59:08,SUCCESS,26.2932,NORMAL
2025-12-27 21:59:08,SUCCESS,27.7288,NORMAL
2025-12-27 21:59:08,SUCCESS,34.6502,NORMAL
2025-12-27 21:59:08,SUCCESS,24.2535,NORMAL
2025-12-27 21:59:08,SUCCESS,33.1352,NORMAL
2025-12-27 21:59:08,SUCCESS,29.2613,NORMAL
2025-12-27 21:59:08,SUCCESS,26.1789,NORMAL
2025-12-27 21:59:09,SUCCESS,30.718,NORMAL
2025-12-27 21:59:09,SUCCESS,24.7846,NORMAL
2025-12-27 21:59:09,SUCCESS,25.6912,NORMAL
2025-12-27 21:59:09,SUCCESS,23.6162,NORMAL
2025-12-27 21:59:09,SUCCESS,26.2211,NORMAL
2025-12-27 21:59:09,SUCCESS,21.0811,NORMAL
2025-12-27 21:59:09,SUCCESS,23.2959,NORMAL
2025-12-27 21:59:09,SUCCESS,24.942,NORMAL
2025-12-27 21:59:09,SUCCESS,22.5135,NORMAL
2025-12-27 21:59:09,SUCCESS,24.0334,NORMAL
2025-12-27 21:59:09,SUCCESS,27.4222,NORMAL
2025-12-27 21:59:09,SUCCESS,20.751,NORMAL
2025-12-27 21:59:09,SUCCESS,23.7511,NORMAL
2025-12-27 21:59:09,SUCCESS,22.5732,NORMAL
2025-12-27 21:59:09,SUCCESS,24.4606,NORMAL
2025-12-27 21:59:09,SUCCESS,27.3469,NORMAL
2025-12-27 21:59:10,SUCCESS,25.3297,NORMAL
2025-12-27 21:59:10,SUCCESS,27.1227,NORMAL
2025-12-27 21:59:10,SUCCESS,23.3971,NORMAL
2025-12-27 21:59:10,SUCCESS,31.5533,NORMAL
2025-12-27 21:59:10,SUCCESS,25.0155,NORMAL
2025-12-27 21:59:10,SUCCESS,24.359,NORMAL
2025-12-27 21:59:10,SUCCESS,22.6935,NORMAL
2025-12-27 21:59:10,SUCCESS,24.1171,NORMAL
2025-12-27 21:59:10,SUCCESS,22.9726,NORMAL
2025-12-27 21:59:10,SUCCESS,22.6388,NORMAL
2025-12-27 21:59:10,SUCCESS,23.4737,NORMAL
2025-12-27 21:59:10,SUCCESS,24.8754,NORMAL
2025-12-27 21:59:10,SUCCESS,26.9142,NORMAL
2025-12-27 21:59:10,SUCCESS,23.0842,NORMAL
2025-12-27 21:59:10,SUCCESS,22.6582,NORMAL
2025-12-27 21:59:10,SUCCESS,24.162,NORMAL
2025-12-27 21:59:11,SUCCESS,23.1533,NORMAL
2025-12-27 21:59:11,SUCCESS,22.6411,NORMAL
2025-12-27 21:59:11,SUCCESS,26.7104,NORMAL
2025-12-27 21:59:11,SUCCESS,20.3635,NORMAL
2025-12-27 21:59:11,SUCCESS,26.7101,NORMAL
2025-12-27 21:59:11,SUCCESS,25.4722,NORMAL
2025-12-27 21:59:11,SUCCESS,22.4456,NORMAL
2025-12-27 21:59:11,SUCCESS,23.3991,NORMAL
2025-12-27 21:59:11,SUCCESS,28.4227,NORMAL
2025-12-27 21:59:11,SUCCESS,19.8274,NORMAL
2025-12-27 21:59:11,SUCCESS,23.0356,NORMAL
2025-12-27 21:59:11,SUCCESS,25.7466,NORMAL
2025-12-27 21:59:11,SUCCESS,23.6033,NORMAL
2025-12-27 21:59:11,SUCCESS,25.5327,NORMAL
2025-12-27 21:59:11,SUCCESS,24.848,NORMAL
2025-12-27 21:59:11,SUCCESS,20.5639,NORMAL
2025-12-27 21:59:12,SUCCESS,26.0994,NORMAL
2025-12-27 21:59:12,SUCCESS,26.3799,NORMAL
2025-12-27 21:59:12,SUCCESS,25.9044,NORMAL
2025-12-27 21:59:12,SUCCESS,23.9125,NORMAL
2025-12-27 21:59:12,SUCCESS,22.9292,NORMAL
2025-12-27 21:59:12,SUCCESS,26.5035,NORMAL
2025-12-27 21:59:12,SUCCESS,34.2543,NORMAL
2025-12-27 21:59:12,SUCCESS,22.3143,NORMAL
2025-12-27 21:59:12,SUCCESS,22.3676,NORMAL
2025-12-27 21:59:12,SUCCESS,21.4422,NORMAL
2025-12-27 21:59:12,SUCCESS,25.1312,NORMAL
2025-12-27 21:59:12,SUCCESS,35.7207,NORMAL
2025-12-27 21:59:12,SUCCESS,34.7181,NORMAL
2025-12-27 21:59:12,SUCCESS,31.9224,NORMAL
2025-12-27 21:59:12,SUCCESS,21.4535,NORMAL
2025-12-27 21:59:13,SUCCESS,28.3385,NORMAL
2025-12-27 21:59:13,SUCCESS,21.0736,NORMAL
2025-12-27 21:59:13,SUCCESS,26.2829,NORMAL
2025-12-27 21:59:13,SUCCESS,23.9163,NORMAL
2025-12-27 21:59:13,SUCCESS,26.7213,NORMAL
2025-12-27 21:59:13,SUCCESS,28.809,NORMAL
2025-12-27 21:59:13,SUCCESS,32.6117,NORMAL
2025-12-27 21:59:13,SUCCESS,28.583,NORMAL
2025-12-27 21:59:13,SUCCESS,34.0527,NORMAL
2025-12-27 21:59:13,SUCCESS,29.1465,NORMAL
2025-12-27 21:59:13,SUCCESS,27.7914,NORMAL
2025-12-27 21:59:13,SUCCESS,28.8487,NORMAL
2025-12-27 21:59:13,SUCCESS,24.8105,NORMAL
2025-12-27 21:59:13,SUCCESS,29.0598,NORMAL
2025-12-27 21:59:13,SUCCESS,24.912,NORMAL
2025-12-27 21:59:14,SUCCESS,20.5382,NORMAL
2025-12-27 21:59:14,SUCCESS,23.0611,NORMAL
2025-12-27 21:59:14,SUCCESS,23.5196,NORMAL
2025-12-27 21:59:14,SUCCESS,45.7834,NORMAL
2025-12-27 21:59:14,SUCCESS,31.2301,NORMAL
2025-12-27 21:59:14,SUCCESS,28.3561,NORMAL
2025-12-27 21:59:14,SUCCESS,32.6644,NORMAL
2025-12-27 21:59:14,SUCCESS,19.6595,NORMAL
2025-12-27 21:59:14,SUCCESS,30.6611,NORMAL
2025-12-27 21:59:14,SUCCESS,36.2553,NORMAL
2025-12-27 21:59:14,SUCCESS,27.1813,NORMAL
2025-12-27 21:59:14,SUCCESS,39.8476,NORMAL
2025-12-27 21:59:14,SUCCESS,35.3863,NORMAL
2025-12-27 21:59:14,SUCCESS,29.9204,NORMAL
2025-12-27 21:59:15,SUCCESS,30.8174,NORMAL
2025-12-27 21:59:15,SUCCESS,28.9464,NORMAL
2025-12-27 21:59:15,SUCCESS,34.6753,NORMAL
2025-12-27 21:59:15,SUCCESS,27.6255,NORMAL
2025-12-27 21:59:15,SUCCESS,35.3625,NORMAL
2025-12-27 21:59:15,SUCCESS,37.0337,NORMAL
2025-12-27 21:59:15,SUCCESS,34.523,NORMAL
2025-12-27 21:59:15,SUCCESS,26.4494,NORMAL
2025-12-27 21:59:15,SUCCESS,33.2312,NORMAL
2025-12-27 21:59:15,SUCCESS,37.7405,NORMAL
2025-12-27 21:59:15,SUCCESS,24.5772,NORMAL
2025-12-27 21:59:15,SUCCESS,32.5815,NORMAL
2025-12-27 21:59:15,SUCCESS,27.4892,NORMAL
2025-12-27 21:59:15,SUCCESS,34.0386,NORMAL
2025-12-27 21:59:16,SUCCESS,30.5627,NORMAL
2025-12-27 21:59:16,SUCCESS,31.8169,NORMAL
2025-12-27 21:59:16,SUCCESS,31.8875,NORMAL
2025-12-27 21:59:16,SUCCESS,26.3456,NORMAL
2025-12-27 21:59:16,SUCCESS,26.852,NORMAL
2025-12-27 21:59:16,SUCCESS,27.2231,NORMAL
2025-12-27 21:59:16,SUCCESS,25.3338,NORMAL
2025-12-27 21:59:16,SUCCESS,33.0013,NORMAL
2025-12-27 21:59:16,SUCCESS,40.1209,NORMAL
2025-12-27 21:59:16,SUCCESS,27.6066,NORMAL
2025-12-27 21:59:16,SUCCESS,25.4191,NORMAL
2025-12-27 21:59:16,SUCCESS,30.6181,NORMAL
2025-12-27 21:59:16,SUCCESS,32.7131,NORMAL
2025-12-27 21:59:16,SUCCESS,47.7031,NORMAL
2025-12-27 21:59:17,SUCCESS,27.8599,NORMAL
2025-12-27 21:59:17,SUCCESS,27.2514,NORMAL
2025-12-27 21:59:17,SUCCESS,42.8768,NORMAL
2025-12-27 21:59:17,SUCCESS,47.9048,NORMAL
2025-12-27 21:59:17,SUCCESS,39.7306,NORMAL
2025-12-27 21:59:17,SUCCESS,44.5649,NORMAL
2025-12-27 21:59:17,SUCCESS,29.1957,NORMAL
2025-12-27 21:59:17,SUCCESS,28.6871,NORMAL
2025-12-27 21:59:17,SUCCESS,23.6703,NORMAL
2025-12-27 21:59:17,SUCCESS,25.0398,NORMAL
2025-12-27 21:59:17,SUCCESS,28.0653,NORMAL
2025-12-27 21:59:17,SUCCESS,31.8743,NORMAL
2025-12-27 21:59:17,SUCCESS,32.3405,NORMAL
2025-12-27 21:59:18,SUCCESS,33.0363,NORMAL
2025-12-27 21:59:18,SUCCESS,40.1397,NORMAL
2025-12-27 21:59:18,SUCCESS,29.2484,NORMAL
2025-12-27 21:59:18,SUCCESS,28.5995,NORMAL
2025-12-27 21:59:18,SUCCESS,27.1436,NORMAL
2025-12-27 21:59:18,SUCCESS,32.6908,NORMAL
2025-12-27 21:59:18,SUCCESS,38.1588,NORMAL
2025-12-27 21:59:18,SUCCESS,30.9915,NORMAL
2025-12-27 21:59:18,SUCCESS,29.5284,NORMAL
2025-12-27 21:59:18,SUCCESS,23.4346,NORMAL
2025-12-27 21:59:18,SUCCESS,29.9829,NORMAL
2025-12-27 21:59:18,SUCCESS,27.3305,NORMAL
2025-12-27 21:59:18,SUCCESS,26.1248,NORMAL
2025-12-27 21:59:18,SUCCESS,39.7385,NORMAL
2025-12-27 21:59:19,SUCCESS,33.9177,NORMAL
2025-12-27 21:59:19,SUCCESS,26.8732,NORMAL
2025-12-27 21:59:19,SUCCESS,29.4928,NORMAL
2025-12-27 21:59:19,SUCCESS,33.108,NORMAL
2025-12-27 21:59:19,SUCCESS,27.939,NORMAL
2025-12-27 21:59:19,SUCCESS,34.6187,NORMAL
2025-12-27 21:59:19,SUCCESS,35.01,NORMAL
2025-12-27 21:59:19,SUCCESS,40.4324,NORMAL
2025-12-27 21:59:19,SUCCESS,24.0077,NORMAL
2025-12-27 21:59:19,SUCCESS,24.7837,NORMAL
2025-12-27 21:59:19,SUCCESS,24.491,NORMAL
2025-12-27 21:59:19,SUCCESS,23.2495,NORMAL
2025-12-27 21:59:19,SUCCESS,29.6616,NORMAL
2025-12-27 21:59:19,SUCCESS,35.5132,NORMAL
2025-12-27 21:59:19,SUCCESS,34.421,NORMAL
2025-12-27 21:59:20,SUCCESS,27.4336,NORMAL
2025-12-27 21:59:20,SUCCESS,28.9883,NORMAL
2025-12-27 21:59:20,SUCCESS,26.0367,NORMAL
2025-12-27 21:59:20,SUCCESS,30.9041,NORMAL
2025-12-27 21:59:20,SUCCESS,36.5232,NORMAL
2025-12-27 21:59:20,SUCCESS,23.4673,NORMAL
2025-12-27 21:59:20,SUCCESS,25.3159,NORMAL
2025-12-27 21:59:20,SUCCESS,25.97,NORMAL
2025-12-27 21:59:20,SUCCESS,24.5796,NORMAL
2025-12-27 21:59:20,SUCCESS,71.6792,NORMAL
2025-12-27 21:59:20,SUCCESS,48.4943,NORMAL
2025-12-27 21:59:20,SUCCESS,28.728,NORMAL
2025-12-27 21:59:20,SUCCESS,26.9243,NORMAL
2025-12-27 21:59:21,SUCCESS,39.599,NORMAL
2025-12-27 21:59:21,SUCCESS,31.1063,NORMAL
2025-12-27 21:59:21,SUCCESS,28.2684,NORMAL
2025-12-27 21:59:21,SUCCESS,33.7211,NORMAL
2025-12-27 21:59:21,SUCCESS,24.9488,NORMAL
2025-12-27 21:59:21,SUCCESS,32.46,NORMAL
2025-12-27 21:59:21,SUCCESS,28.945,NORMAL
2025-12-27 21:59:21,SUCCESS,33.6605,NORMAL
2025-12-27 21:59:21,SUCCESS,33.0524,NORMAL
2025-12-27 21:59:21,SUCCESS,27.922,NORMAL
2025-12-27 21:59:21,SUCCESS,29.2805,NORMAL
2025-12-27 21:59:21,SUCCESS,24.6293,NORMAL
2025-12-27 21:59:21,SUCCESS,30.1891,NORMAL
2025-12-27 21:59:21,SUCCESS,36.0758,NORMAL
2025-12-27 21:59:22,SUCCESS,35.156,NORMAL
2025-12-27 21:59:22,SUCCESS,33.7205,NORMAL
2025-12-27 21:59:22,SUCCESS,24.2373,NORMAL
2025-12-27 21:59:22,SUCCESS,20.336,NORMAL
2025-12-27 21:59:22,SUCCESS,23.4812,NORMAL
2025-12-27 21:59:22,SUCCESS,23.9386,NORMAL
2025-12-27 21:59:22,SUCCESS,27.0886,NORMAL
2025-12-27 21:59:22,SUCCESS,39.382,NORMAL
2025-12-27 21:59:22,SUCCESS,32.7486,NORMAL
2025-12-27 21:59:22,SUCCESS,49.5077,NORMAL
2025-12-27 21:59:22,SUCCESS,71.6547,NORMAL
2025-12-27 21:59:22,SUCCESS,40.9661,NORMAL
2025-12-27 21:59:22,SUCCESS,27.5071,NORMAL
2025-12-27 21:59:22,SUCCESS,34.9064,NORMAL
2025-12-27 21:59:23,SUCCESS,22.1001,NORMAL
2025-12-27 21:59:23,SUCCESS,37.949,NORMAL
2025-12-27 21:59:23,SUCCESS,53.2682,NORMAL
2025-12-27 21:59:23,SUCCESS,44.806,NORMAL
2025-12-27 21:59:23,SUCCESS,32.122,NORMAL
2025-12-27 21:59:23,SUCCESS,37.6779,NORMAL
2025-12-27 21:59:23,SUCCESS,35.3274,NORMAL
2025-12-27 21:59:23,SUCCESS,49.4612,NORMAL
2025-12-27 21:59:23,SUCCESS,35.8665,NORMAL
2025-12-27 21:59:23,SUCCESS,40.5319,NORMAL
2025-12-27 21:59:23,SUCCESS,33.9882,NORMAL
2025-12-27 21:59:23,SUCCESS,47.5649,NORMAL
2025-12-27 21:59:24,SUCCESS,35.0898,NORMAL
2025-12-27 21:59:24,SUCCESS,28.9198,NORMAL
2025-12-27 21:59:24,SUCCESS,33.5971,NORMAL
2025-12-27 21:59:24,SUCCESS,34.3473,NORMAL
2025-12-27 21:59:24,SUCCESS,33.7003,NORMAL
2025-12-27 21:59:24,SUCCESS,49.8507,NORMAL
2025-12-27 21:59:24,SUCCESS,70.1357,NORMAL
2025-12-27 21:59:24,SUCCESS,46.6844,NORMAL
2025-12-27 21:59:24,SUCCESS,25.5155,NORMAL
2025-12-27 21:59:24,SUCCESS,39.0845,NORMAL
2025-12-27 21:59:28,SUCCESS,39.5188,NORMAL
2025-12-27 21:59:28,SUCCESS,25.0486,NORMAL
2025-12-27 21:59:28,SUCCESS,24.2869,NORMAL
2025-12-27 21:59:28,SUCCESS,33.8416,NORMAL
2025-12-27 21:59:28,SUCCESS,28.7256,NORMAL
2025-12-27 21:59:28,SUCCESS,23.6697,NORMAL
2025-12-27 21:59:28,SUCCESS,33.0451,NORMAL
2025-12-27 21:59:28,SUCCESS,40.5763,NORMAL
2025-12-27 21:59:28,SUCCESS,37.6312,NORMAL
2025-12-27 21:59:28,SUCCESS,31.172,NORMAL
2025-12-27 21:59:28,SUCCESS,29.1309,NORMAL
2025-12-27 21:59:28,SUCCESS,34.9634,NORMAL
2025-12-27 21:59:28,SUCCESS,26.1851,NORMAL
2025-12-27 21:59:29,SUCCESS,35.5665,NORMAL
2025-12-27 21:59:29,SUCCESS,41.4569,NORMAL
2025-12-27 21:59:29,SUCCESS,43.2877,NORMAL
2025-12-27 21:59:29,SUCCESS,30.9703,NORMAL
2025-12-27 21:59:29,SUCCESS,32.8507,NORMAL
2025-12-27 21:59:29,SUCCESS,31.6688,NORMAL
2025-12-27 21:59:29,SUCCESS,45.42,NORMAL
2025-12-27 21:59:29,SUCCESS,40.1204,NORMAL
2025-12-27 21:59:29,SUCCESS,39.1131,NORMAL
2025-12-27 21:59:29,SUCCESS,27.315,NORMAL
2025-12-27 21:59:29,SUCCESS,28.877,NORMAL
2025-12-27 21:59:29,SUCCESS,24.8579,NORMAL
2025-12-27 21:59:29,SUCCESS,29.2202,NORMAL
2025-12-27 21:59:30,SUCCESS,23.1789,NORMAL
2025-12-27 21:59:30,SUCCESS,23.0316,NORMAL
2025-12-27 21:59:30,SUCCESS,23.2299,NORMAL
2025-12-27 21:59:30,SUCCESS,30.6492,NORMAL
2025-12-27 21:59:30,SUCCESS,22.0307,NORMAL
2025-12-27 21:59:30,SUCCESS,29.7467,NORMAL
2025-12-27 21:59:30,SUCCESS,43.1027,NORMAL
2025-12-27 21:59:30,SUCCESS,34.7213,NORMAL
2025-12-27 21:59:30,SUCCESS,36.9969,NORMAL
2025-12-27 21:59:30,SUCCESS,47.1454,NORMAL
2025-12-27 21:59:30,SUCCESS,45.1478,NORMAL
2025-12-27 21:59:30,SUCCESS,41.0912,NORMAL
2025-12-27 21:59:30,SUCCESS,45.6886,NORMAL
2025-12-27 21:59:31,SUCCESS,74.0544,NORMAL
2025-12-27 21:59:31,SUCCESS,42.4258,NORMAL
2025-12-27 21:59:31,SUCCESS,36.695,NORMAL
2025-12-27 21:59:31,SUCCESS,40.3843,NORMAL
2025-12-27 21:59:31,SUCCESS,39.8631,NORMAL
2025-12-27 21:59:31,SUCCESS,44.0882,NORMAL
2025-12-27 21:59:31,SUCCESS,32.9847,NORMAL
2025-12-27 21:59:31,SUCCESS,38.9877,NORMAL
2025-12-27 21:59:31,SUCCESS,36.2511,NORMAL
2025-12-27 21:59:31,SUCCESS,53.006,NORMAL
2025-12-27 21:59:31,SUCCESS,41.6214,NORMAL
2025-12-27 21:59:31,SUCCESS,34.268,NORMAL
2025-12-27 21:59:32,SUCCESS,32.8906,NORMAL
2025-12-27 21:59:32,SUCCESS,44.7061,NORMAL
2025-12-27 21:59:32,SUCCESS,50.4127,NORMAL
2025-12-27 21:59:32,SUCCESS,38.5673,NORMAL
2025-12-27 21:59:32,SUCCESS,26.4903,NORMAL
2025-12-27 21:59:32,SUCCESS,26.7371,NORMAL
2025-12-27 21:59:32,SUCCESS,26.0852,NORMAL
2025-12-27 21:59:32,SUCCESS,25.333,NORMAL
2025-12-27 21:59:32,SUCCESS,25.9725,NORMAL
2025-12-27 21:59:32,SUCCESS,26.1018,NORMAL
2025-12-27 21:59:32,SUCCESS,20.9403,NORMAL
2025-12-27 21:59:32,SUCCESS,21.5071,NORMAL
2025-12-27 21:59:32,SUCCESS,29.1628,NORMAL
2025-12-27 21:59:32,SUCCESS,35.0072,NORMAL
2025-12-27 21:59:33,SUCCESS,38.2989,NORMAL
2025-12-27 21:59:33,SUCCESS,38.7857,NORMAL
2025-12-27 21:59:33,SUCCESS,34.508,NORMAL
2025-12-27 21:59:33,SUCCESS,30.3048,NORMAL
2025-12-27 21:59:33,SUCCESS,26.4163,NORMAL
2025-12-27 21:59:33,SUCCESS,38.7895,NORMAL
2025-12-27 21:59:33,SUCCESS,37.5242,NORMAL
2025-12-27 21:59:33,SUCCESS,42.6072,NORMAL
2025-12-27 21:59:33,SUCCESS,50.3143,NORMAL
2025-12-27 21:59:33,SUCCESS,37.6653,NORMAL
2025-12-27 21:59:33,SUCCESS,44.4768,NORMAL
2025-12-27 21:59:33,SUCCESS,50.4903,NORMAL
2025-12-27 21:59:34,SUCCESS,44.7793,NORMAL
2025-12-27 21:59:34,SUCCESS,52.0088,NORMAL
2025-12-27 21:59:34,SUCCESS,48.8691,NORMAL
2025-12-27 21:59:34,SUCCESS,44.6966,NORMAL
2025-12-27 21:59:34,SUCCESS,66.7597,NORMAL
2025-12-27 21:59:34,SUCCESS,42.5236,NORMAL
2025-12-27 21:59:34,SUCCESS,43.1682,NORMAL
2025-12-27 21:59:34,SUCCESS,37.4418,NORMAL
2025-12-27 21:59:34,SUCCESS,49.7144,NORMAL
2025-12-27 21:59:34,SUCCESS,57.7623,NORMAL
2025-12-27 21:59:35,SUCCESS,81.6337,NORMAL
2025-12-27 21:59:35,SUCCESS,66.9218,NORMAL
2025-12-27 21:59:35,SUCCESS,34.8356,NORMAL
2025-12-27 21:59:35,SUCCESS,32.7002,NORMAL
2025-12-27 21:59:35,SUCCESS,35.935,NORMAL
2025-12-27 21:59:35,SUCCESS,33.6495,NORMAL
2025-12-27 21:59:35,SUCCESS,26.4322,NORMAL
2025-12-27 21:59:35,SUCCESS,34.6056,NORMAL
2025-12-27 21:59:35,SUCCESS,33.5433,NORMAL
2025-12-27 21:59:35,SUCCESS,32.3971,NORMAL
2025-12-27 21:59:35,SUCCESS,29.2258,NORMAL
2025-12-27 21:59:35,SUCCESS,32.2501,NORMAL
2025-12-27 21:59:35,SUCCESS,37.5254,NORMAL
2025-12-27 21:59:36,SUCCESS,38.4905,NORMAL
2025-12-27 21:59:36,SUCCESS,34.2712,NORMAL
2025-12-27 21:59:36,SUCCESS,45.7241,NORMAL
2025-12-27 21:59:36,SUCCESS,58.7379,NORMAL
2025-12-27 21:59:36,SUCCESS,35.9615,NORMAL
2025-12-27 21:59:36,SUCCESS,27.7031,NORMAL
2025-12-27 21:59:36,SUCCESS,23.1578,NORMAL
2025-12-27 21:59:36,SUCCESS,22.991,NORMAL
2025-12-27 21:59:36,SUCCESS,21.1696,NORMAL
2025-12-27 21:59:36,SUCCESS,25.2283,NORMAL
2025-12-27 21:59:36,SUCCESS,42.7897,NORMAL
2025-12-27 21:59:36,SUCCESS,29.4194,NORMAL
2025-12-27 21:59:36,SUCCESS,38.9916,NORMAL
2025-12-27 21:59:36,SUCCESS,31.1577,NORMAL
2025-12-27 21:59:37,SUCCESS,70.8079,NORMAL
2025-12-27 21:59:37,SUCCESS,43.5892,NORMAL
2025-12-27 21:59:37,SUCCESS,50.2265,NORMAL
2025-12-27 21:59:37,SUCCESS,35.8268,NORMAL
2025-12-27 21:59:37,SUCCESS,29.5557,NORMAL
2025-12-27 21:59:37,SUCCESS,32.8604,NORMAL
2025-12-27 21:59:37,SUCCESS,25.1664,NORMAL
2025-12-27 21:59:37,SUCCESS,30.9915,NORMAL
2025-12-27 21:59:37,SUCCESS,30.9229,NORMAL
2025-12-27 21:59:37,SUCCESS,27.5802,NORMAL
2025-12-27 21:59:37,SUCCESS,31.4881,NORMAL
2025-12-27 21:59:37,SUCCESS,21.7771,NORMAL
2025-12-27 21:59:37,SUCCESS,20.4787,NORMAL
2025-12-27 21:59:38,SUCCESS,24.8654,NORMAL
2025-12-27 21:59:38,SUCCESS,22.3068,NORMAL
2025-12-27 21:59:38,SUCCESS,29.2407,NORMAL
2025-12-27 21:59:38,SUCCESS,22.32,NORMAL
2025-12-27 21:59:38,SUCCESS,19.1074,NORMAL
2025-12-27 21:59:38,SUCCESS,25.5611,NORMAL
2025-12-27 21:59:38,SUCCESS,31.2897,NORMAL
2025-12-27 21:59:38,SUCCESS,26.1192,NORMAL
2025-12-27 21:59:38,SUCCESS,30.2328,NORMAL
2025-12-27 21:59:38,SUCCESS,23.1728,NORMAL
2025-12-27 21:59:38,SUCCESS,24.8332,NORMAL
2025-12-27 21:59:38,SUCCESS,27.2454,NORMAL
2025-12-27 21:59:38,SUCCESS,33.5728,NORMAL
2025-12-27 21:59:38,SUCCESS,25.9548,NORMAL
2025-12-27 21:59:38,SUCCESS,27.5566,NORMAL
2025-12-27 21:59:39,SUCCESS,27.2685,NORMAL
2025-12-27 21:59:39,SUCCESS,21.5487,NORMAL
2025-12-27 21:59:39,SUCCESS,30.6845,NORMAL
2025-12-27 21:59:39,SUCCESS,24.6803,NORMAL
2025-12-27 21:59:39,SUCCESS,33.6457,NORMAL
2025-12-27 21:59:39,SUCCESS,28.282,NORMAL
2025-12-27 21:59:39,SUCCESS,35.7673,NORMAL
2025-12-27 21:59:39,SUCCESS,26.3516,NORMAL
2025-12-27 21:59:39,SUCCESS,25.9759,NORMAL
2025-12-27 21:59:39,SUCCESS,25.4335,NORMAL
2025-12-27 21:59:39,SUCCESS,32.0741,NORMAL
2025-12-27 21:59:39,SUCCESS,35.792,NORMAL
2025-12-27 21:59:39,SUCCESS,41.4323,NORMAL
2025-12-27 21:59:39,SUCCESS,34.4767,NORMAL
2025-12-27 21:59:40,SUCCESS,38.8764,NORMAL
2025-12-27 21:59:40,SUCCESS,36.0813,NORMAL
2025-12-27 21:59:40,SUCCESS,31.6641,NORMAL
2025-12-27 21:59:40,SUCCESS,32.0347,NORMAL
2025-12-27 21:59:40,SUCCESS,29.3349,NORMAL
2025-12-27 21:59:40,SUCCESS,30.8301,NORMAL
2025-12-27 21:59:40,SUCCESS,30.7211,NORMAL
2025-12-27 21:59:40,SUCCESS,26.7967,NORMAL
2025-12-27 21:59:40,SUCCESS,33.8878,NORMAL
2025-12-27 21:59:40,SUCCESS,33.5509,NORMAL
2025-12-27 21:59:40,SUCCESS,37.6972,NORMAL
2025-12-27 21:59:40,SUCCESS,31.4255,NORMAL
2025-12-27 21:59:40,SUCCESS,32.6196,NORMAL
2025-12-27 21:59:40,SUCCESS,28.504,NORMAL
2025-12-27 21:59:41,SUCCESS,31.4213,NORMAL
2025-12-27 21:59:41,SUCCESS,38.6181,NORMAL
2025-12-27 21:59:41,SUCCESS,38.0983,NORMAL
2025-12-27 21:59:41,SUCCESS,35.8033,NORMAL
2025-12-27 21:59:41,SUCCESS,44.8945,NORMAL
2025-12-27 21:59:41,SUCCESS,40.5219,NORMAL
2025-12-27 21:59:41,SUCCESS,26.7427,NORMAL
2025-12-27 21:59:41,SUCCESS,34.9174,NORMAL
2025-12-27 21:59:41,SUCCESS,44.4208,NORMAL
2025-12-27 21:59:41,SUCCESS,27.8103,NORMAL
2025-12-27 21:59:41,SUCCESS,46.9314,NORMAL
2025-12-27 21:59:41,SUCCESS,19.7923,NORMAL
2025-12-27 21:59:42,SUCCESS,63.9023,NORMAL
2025-12-27 21:59:42,SUCCESS,37.223,NORMAL
2025-12-27 21:59:42,SUCCESS,41.2015,NORMAL
2025-12-27 21:59:42,SUCCESS,34.7045,NORMAL
2025-12-27 21:59:42,SUCCESS,35.0735,NORMAL
2025-12-27 21:59:42,SUCCESS,27.5959,NORMAL
2025-12-27 21:59:42,SUCCESS,26.4629,NORMAL
2025-12-27 21:59:42,SUCCESS,26.1152,NORMAL
2025-12-27 21:59:42,SUCCESS,21.5834,NORMAL
2025-12-27 21:59:42,SUCCESS,20.2073,NORMAL
2025-12-27 21:59:42,SUCCESS,25.4796,NORMAL
2025-12-27 21:59:42,SUCCESS,39.5792,NORMAL
2025-12-27 21:59:42,SUCCESS,28.8209,NORMAL
2025-12-27 21:59:42,SUCCESS,26.5502,NORMAL
2025-12-27 21:59:43,SUCCESS,26.7375,NORMAL
2025-12-27 21:59:43,SUCCESS,22.2485,NORMAL
2025-12-27 21:59:43,SUCCESS,32.3138,NORMAL
2025-12-27 21:59:43,SUCCESS,20.6014,NORMAL
2025-12-27 21:59:43,SUCCESS,22.1273,NORMAL
2025-12-27 21:59:43,SUCCESS,28.5032,NORMAL
2025-12-27 21:59:43,SUCCESS,25.1837,NORMAL
2025-12-27 21:59:43,SUCCESS,24.7981,NORMAL
2025-12-27 21:59:43,SUCCESS,23.4284,NORMAL
2025-12-27 21:59:43,SUCCESS,26.7661,NORMAL
2025-12-27 21:59:43,SUCCESS,25.377,NORMAL
2025-12-27 21:59:43,SUCCESS,21.9652,NORMAL
2025-12-27 21:59:43,SUCCESS,28.5074,NORMAL
2025-12-27 21:59:43,SUCCESS,27.9732,NORMAL
2025-12-27 21:59:43,SUCCESS,36.5574,NORMAL
2025-12-27 21:59:44,SUCCESS,28.4975,NORMAL
2025-12-27 21:59:44,SUCCESS,50.5122,NORMAL
2025-12-27 21:59:44,SUCCESS,21.8067,NORMAL
2025-12-27 21:59:44,SUCCESS,34.0373,NORMAL
2025-12-27 21:59:44,SUCCESS,25.2927,NORMAL
2025-12-27 21:59:44,SUCCESS,28.082,NORMAL
2025-12-27 21:59:44,SUCCESS,28.7187,NORMAL
2025-12-27 21:59:44,SUCCESS,27.9642,NORMAL
2025-12-27 21:59:44,SUCCESS,28.5416,NORMAL
2025-12-27 21:59:44,SUCCESS,40.4695,NORMAL
2025-12-27 21:59:44,SUCCESS,33.3523,NORMAL
2025-12-27 21:59:44,SUCCESS,32.8706,NORMAL
2025-12-27 21:59:44,SUCCESS,30.8383,NORMAL
2025-12-27 21:59:44,SUCCESS,40.6776,NORMAL
2025-12-27 21:59:45,SUCCESS,72.9969,NORMAL
2025-12-27 21:59:45,SUCCESS,59.8969,NORMAL
2025-12-27 21:59:45,SUCCESS,57.0648,NORMAL
2025-12-27 21:59:45,SUCCESS,34.3408,NORMAL
2025-12-27 21:59:45,SUCCESS,37.2522,NORMAL
2025-12-27 21:59:45,SUCCESS,39.4901,NORMAL
2025-12-27 21:59:45,SUCCESS,43.0767,NORMAL
2025-12-27 21:59:45,SUCCESS,34.9359,NORMAL
2025-12-27 21:59:45,SUCCESS,47.9693,NORMAL
2025-12-27 21:59:45,SUCCESS,45.1337,NORMAL
2025-12-27 21:59:45,SUCCESS,29.4495,NORMAL
2025-12-27 21:59:45,SUCCESS,42.5747,NORMAL
2025-12-27 21:59:46,SUCCESS,37.6506,NORMAL
2025-12-27 21:59:46,SUCCESS,49.0354,NORMAL
2025-12-27 21:59:46,SUCCESS,45.6048,NORMAL
2025-12-27 21:59:46,SUCCESS,37.576,NORMAL
2025-12-27 21:59:46,SUCCESS,27.1481,NORMAL
2025-12-27 21:59:46,SUCCESS,32.8514,NORMAL
2025-12-27 21:59:46,SUCCESS,32.96,NORMAL
2025-12-27 21:59:46,SUCCESS,31.0843,NORMAL
2025-12-27 21:59:46,SUCCESS,48.5004,NORMAL
2025-12-27 21:59:46,SUCCESS,66.4426,NORMAL
2025-12-27 21:59:46,SUCCESS,88.9689,NORMAL
2025-12-27 21:59:47,SUCCESS,72.4163,NORMAL
2025-12-27 21:59:47,SUCCESS,73.7527,NORMAL
2025-12-27 21:59:47,SUCCESS,43.882,NORMAL
2025-12-27 21:59:47,SUCCESS,32.651,NORMAL
2025-12-27 21:59:47,SUCCESS,29.4584,NORMAL
2025-12-27 21:59:47,SUCCESS,30.1751,NORMAL
2025-12-27 21:59:47,SUCCESS,34.4282,NORMAL
2025-12-27 21:59:47,SUCCESS,46.8172,NORMAL
2025-12-27 21:59:47,SUCCESS,23.0755,NORMAL
2025-12-27 21:59:47,SUCCESS,30.5952,NORMAL
2025-12-27 21:59:47,SUCCESS,37.5382,NORMAL
2025-12-27 21:59:47,SUCCESS,40.507,NORMAL
2025-12-27 21:59:48,SUCCESS,23.5049,NORMAL
2025-12-27 21:59:48,SUCCESS,23.6082,NORMAL
2025-12-27 21:59:48,SUCCESS,25.6304,NORMAL
2025-12-27 21:59:48,SUCCESS,24.5021,NORMAL
2025-12-27 21:59:48,SUCCESS,19.1585,NORMAL
2025-12-27 21:59:48,SUCCESS,24.5531,NORMAL
2025-12-27 21:59:48,SUCCESS,29.3556,NORMAL
2025-12-27 21:59:48,SUCCESS,28.6784,NORMAL
2025-12-27 21:59:48,SUCCESS,26.1913,NORMAL
2025-12-27 21:59:48,SUCCESS,33.9045,NORMAL
2025-12-27 21:59:48,SUCCESS,25.9465,NORMAL
2025-12-27 21:59:48,SUCCESS,20.9042,NORMAL
2025-12-27 21:59:48,SUCCESS,25.7754,NORMAL
2025-12-27 21:59:48,SUCCESS,33.9187,NORMAL
2025-12-27 21:59:48,SUCCESS,22.0825,NORMAL
2025-12-27 21:59:48,SUCCESS,21.9534,NORMAL
2025-12-27 21:59:49,SUCCESS,27.6025,NORMAL
2025-12-27 21:59:49,SUCCESS,30.5265,NORMAL
2025-12-27 21:59:49,SUCCESS,24.5034,NORMAL
2025-12-27 21:59:49,SUCCESS,20.837,NORMAL
2025-12-27 21:59:49,SUCCESS,24.647,NORMAL
2025-12-27 21:59:49,SUCCESS,30.7417,NORMAL
2025-12-27 21:59:49,SUCCESS,29.5781,NORMAL
2025-12-27 21:59:49,SUCCESS,28.2899,NORMAL
2025-12-27 21:59:49,SUCCESS,20.8162,NORMAL
2025-12-27 21:59:49,SUCCESS,24.058,NORMAL
2025-12-27 21:59:49,SUCCESS,38.3801,NORMAL
2025-12-27 21:59:49,SUCCESS,23.8731,NORMAL
2025-12-27 21:59:49,SUCCESS,22.0373,NORMAL
2025-12-27 21:59:49,SUCCESS,30.178,NORMAL
2025-12-27 21:59:49,SUCCESS,28.076,NORMAL
2025-12-27 21:59:50,SUCCESS,26.1761,NORMAL
2025-12-27 21:59:50,SUCCESS,18.6528,NORMAL
2025-12-27 21:59:50,SUCCESS,22.6455,NORMAL
2025-12-27 21:59:50,SUCCESS,23.0325,NORMAL
2025-12-27 21:59:50,SUCCESS,23.9027,NORMAL
2025-12-27 21:59:50,SUCCESS,26.0024,NORMAL
2025-12-27 21:59:50,SUCCESS,24.16,NORMAL
2025-12-27 21:59:50,SUCCESS,28.2965,NORMAL
2025-12-27 21:59:50,SUCCESS,19.9677,NORMAL
2025-12-27 21:59:50,SUCCESS,24.7236,NORMAL
2025-12-27 21:59:50,SUCCESS,25.4812,NORMAL
2025-12-27 21:59:50,SUCCESS,34.1776,NORMAL
2025-12-27 21:59:50,SUCCESS,20.1991,NORMAL
2025-12-27 21:59:50,SUCCESS,27.4935,NORMAL
2025-12-27 21:59:50,SUCCESS,28.9052,NORMAL
2025-12-27 21:59:51,SUCCESS,24.1687,NORMAL
2025-12-27 21:59:51,SUCCESS,28.1012,NORMAL
2025-12-27 21:59:51,SUCCESS,30.8421,NORMAL
2025-12-27 21:59:51,SUCCESS,25.2333,NORMAL
2025-12-27 21:59:51,SUCCESS,26.0043,NORMAL
2025-12-27 21:59:51,SUCCESS,21.2522,NORMAL
2025-12-27 21:59:51,SUCCESS,38.3061,NORMAL
2025-12-27 21:59:51,SUCCESS,18.4353,NORMAL
2025-12-27 21:59:51,SUCCESS,24.4421,NORMAL
2025-12-27 21:59:51,SUCCESS,25.9863,NORMAL
2025-12-27 21:59:51,SUCCESS,34.2791,NORMAL
2025-12-27 21:59:51,SUCCESS,37.0499,NORMAL
2025-12-27 21:59:51,SUCCESS,29.2039,NORMAL
2025-12-27 21:59:51,SUCCESS,27.1544,NORMAL
2025-12-27 21:59:51,SUCCESS,22.6,NORMAL
2025-12-27 21:59:52,SUCCESS,23.6713,NORMAL
2025-12-27 21:59:52,SUCCESS,23.9754,NORMAL
2025-12-27 21:59:52,SUCCESS,32.4802,NORMAL
2025-12-27 21:59:52,SUCCESS,25.9309,NORMAL
2025-12-27 21:59:52,SUCCESS,21.801,NORMAL
2025-12-27 21:59:52,SUCCESS,23.7998,NORMAL
2025-12-27 21:59:52,SUCCESS,22.9832,NORMAL
2025-12-27 21:59:52,SUCCESS,29.432,NORMAL
2025-12-27 21:59:52,SUCCESS,28.2086,NORMAL
2025-12-27 21:59:52,SUCCESS,23.1477,NORMAL
2025-12-27 21:59:52,SUCCESS,25.0353,NORMAL
2025-12-27 21:59:52,SUCCESS,23.5728,NORMAL
2025-12-27 21:59:52,SUCCESS,32.0406,NORMAL
2025-12-27 21:59:52,SUCCESS,25.8543,NORMAL
2025-12-27 21:59:53,SUCCESS,38.8422,NORMAL
2025-12-27 21:59:53,SUCCESS,21.9345,NORMAL
2025-12-27 21:59:53,SUCCESS,23.4896,NORMAL
2025-12-27 21:59:53,SUCCESS,25.0837,NORMAL
2025-12-27 21:59:53,SUCCESS,17.9694,NORMAL
2025-12-27 21:59:53,SUCCESS,22.3568,NORMAL
2025-12-27 21:59:53,SUCCESS,22.4445,NORMAL
2025-12-27 21:59:53,SUCCESS,24.7565,NORMAL
2025-12-27 21:59:53,SUCCESS,23.31,NORMAL
2025-12-27 21:59:53,SUCCESS,27.9315,NORMAL
2025-12-27 21:59:53,SUCCESS,21.8696,NORMAL
2025-12-27 21:59:53,SUCCESS,33.3489,NORMAL
2025-12-27 21:59:54,SUCCESS,26.0854,NORMAL
2025-12-27 21:59:54,SUCCESS,28.0604,NORMAL
2025-12-27 21:59:54,SUCCESS,22.9248,NORMAL
2025-12-27 21:59:54,SUCCESS,67.0329,NORMAL
2025-12-27 21:59:54,SUCCESS,18.7839,NORMAL
2025-12-27 21:59:54,SUCCESS,27.6998,NORMAL
2025-12-27 21:59:54,SUCCESS,20.8643,NORMAL
2025-12-27 21:59:54,SUCCESS,25.7863,NORMAL
2025-12-27 21:59:54,SUCCESS,24.7137,NORMAL
2025-12-27 21:59:54,SUCCESS,22.1317,NORMAL
2025-12-27 21:59:54,SUCCESS,30.9448,NORMAL
2025-12-27 21:59:54,SUCCESS,23.8717,NORMAL
2025-12-27 21:59:55,SUCCESS,22.2255,NORMAL
2025-12-27 21:59:55,SUCCESS,18.9445,NORMAL
2025-12-27 21:59:55,SUCCESS,17.4228,NORMAL
2025-12-27 21:59:55,SUCCESS,26.5141,NORMAL
2025-12-27 21:59:55,SUCCESS,21.9675,NORMAL
2025-12-27 21:59:55,SUCCESS,33.7329,NORMAL
2025-12-27 21:59:55,SUCCESS,23.2221,NORMAL
2025-12-27 21:59:55,SUCCESS,19.3627,NORMAL
2025-12-27 21:59:55,SUCCESS,23.4435,NORMAL
2025-12-27 21:59:55,SUCCESS,40.3532,NORMAL
2025-12-27 21:59:55,SUCCESS,28.586,NORMAL
2025-12-27 21:59:55,SUCCESS,32.4142,NORMAL
2025-12-27 21:59:55,SUCCESS,23.4123,NORMAL
2025-12-27 21:59:56,SUCCESS,22.2786,NORMAL
2025-12-27 21:59:56,SUCCESS,53.0594,NORMAL
2025-12-27 21:59:56,SUCCESS,23.5747,NORMAL
2025-12-27 21:59:56,SUCCESS,26.559,NORMAL
2025-12-27 21:59:56,SUCCESS,19.7236,NORMAL
2025-12-27 21:59:56,SUCCESS,21.6907,NORMAL
2025-12-27 21:59:57,SUCCESS,25.655,NORMAL
2025-12-27 21:59:57,SUCCESS,40.5255,NORMAL
2025-12-27 21:59:57,SUCCESS,25.3819,NORMAL
2025-12-27 21:59:57,SUCCESS,20.3764,NORMAL
2025-12-27 21:59:57,SUCCESS,16.7557,NORMAL
2025-12-27 21:59:57,SUCCESS,19.6169,NORMAL
2025-12-27 21:59:57,SUCCESS,26.9412,NORMAL
2025-12-27 21:59:57,SUCCESS,19.0425,NORMAL
2025-12-27 21:59:57,SUCCESS,18.1379,NORMAL
2025-12-27 21:59:57,SUCCESS,20.9415,NORMAL
2025-12-27 21:59:57,SUCCESS,19.0935,NORMAL
2025-12-27 21:59:57,SUCCESS,17.7216,NORMAL
2025-12-27 21:59:57,SUCCESS,26.216,NORMAL
2025-12-27 21:59:57,SUCCESS,27.5885,NORMAL
2025-12-27 21:59:58,SUCCESS,20.4535,NORMAL
2025-12-27 21:59:58,SUCCESS,28.8316,NORMAL
2025-12-27 22:00:01,SUCCESS,29.5872,NORMAL
2025-12-27 22:00:02,SUCCESS,20.5333,NORMAL
2025-12-27 22:00:02,SUCCESS,19.9867,NORMAL
2025-12-27 22:00:02,SUCCESS,18.5109,NORMAL
2025-12-27 22:00:02,SUCCESS,21.5575,NORMAL
2025-12-27 22:00:02,SUCCESS,16.143,NORMAL
2025-12-27 22:00:02,SUCCESS,25.9561,NORMAL
2025-12-27 22:00:02,SUCCESS,23.202,NORMAL
2025-12-27 22:00:02,SUCCESS,20.7395,NORMAL
2025-12-27 22:00:03,SUCCESS,31.537,NORMAL
2025-12-27 22:00:03,SUCCESS,21.0239,NORMAL
2025-12-27 22:00:03,SUCCESS,18.8951,NORMAL
2025-12-27 22:00:03,SUCCESS,16.4717,NORMAL
2025-12-27 22:00:03,SUCCESS,27.5342,NORMAL
2025-12-27 22:00:03,SUCCESS,99.5183,NORMAL
2025-12-27 22:00:03,SUCCESS,15.9897,NORMAL
2025-12-27 22:00:03,SUCCESS,23.7192,NORMAL
2025-12-27 22:00:03,SUCCESS,25.4063,NORMAL
2025-12-27 22:00:03,SUCCESS,20.0682,NORMAL
2025-12-27 22:00:03,SUCCESS,34.5371,NORMAL
2025-12-27 22:00:04,SUCCESS,24.271,NORMAL
2025-12-27 22:00:04,SUCCESS,31.6424,NORMAL
2025-12-27 22:00:04,SUCCESS,17.588,NORMAL
2025-12-27 22:00:04,SUCCESS,15.9673,NORMAL
2025-12-27 22:00:04,SUCCESS,20.7728,NORMAL
2025-12-27 22:00:04,SUCCESS,52.2549,NORMAL
2025-12-27 22:00:04,SUCCESS,30.2374,NORMAL
2025-12-27 22:00:04,SUCCESS,23.9867,NORMAL
2025-12-27 22:00:05,SUCCESS,20.3828,NORMAL
2025-12-27 22:00:05,SUCCESS,58.949,NORMAL
2025-12-27 22:00:05,SUCCESS,56.0743,NORMAL
2025-12-27 22:00:05,SUCCESS,25.8607,NORMAL
2025-12-27 22:00:05,SUCCESS,22.4808,NORMAL
2025-12-27 22:00:05,SUCCESS,20.9855,NORMAL
2025-12-27 22:00:06,SUCCESS,25.5464,NORMAL
2025-12-27 22:00:06,SUCCESS,42.8225,NORMAL
2025-12-27 22:00:06,SUCCESS,52.5855,NORMAL
2025-12-27 22:00:06,SUCCESS,44.2604,NORMAL
2025-12-27 22:00:06,SUCCESS,43.751,NORMAL
2025-12-27 22:00:07,SUCCESS,113.001,NORMAL
2025-12-27 22:00:07,SUCCESS,21.2832,NORMAL
2025-12-27 22:00:07,SUCCESS,144.562,NORMAL
2025-12-27 22:00:07,SUCCESS,28.6855,NORMAL
2025-12-27 22:00:07,SUCCESS,21.4339,NORMAL
2025-12-27 22:00:07,SUCCESS,27.2823,NORMAL
2025-12-27 22:00:07,SUCCESS,29.3115,NORMAL
2025-12-27 22:00:07,SUCCESS,21.0363,NORMAL
2025-12-27 22:00:07,SUCCESS,32.159,NORMAL
2025-12-27 22:00:08,SUCCESS,19.3118,NORMAL
2025-12-27 22:00:08,SUCCESS,33.7792,NORMAL
2025-12-27 22:00:08,SUCCESS,21.1404,NORMAL
2025-12-27 22:00:08,SUCCESS,22.0728,NORMAL
2025-12-27 22:00:08,SUCCESS,23.4139,NORMAL
2025-12-27 22:00:08,SUCCESS,16.7331,NORMAL
2025-12-27 22:00:08,SUCCESS,21.5536,NORMAL
2025-12-27 22:00:08,SUCCESS,23.0006,NORMAL
2025-12-27 22:00:08,SUCCESS,19.1426,NORMAL
2025-12-27 22:00:08,SUCCESS,23.5813,NORMAL
2025-12-27 22:00:08,SUCCESS,21.5419,NORMAL
2025-12-27 22:00:08,SUCCESS,29.8001,NORMAL
2025-12-27 22:00:08,SUCCESS,39.683,NORMAL
2025-12-27 22:00:08,SUCCESS,26.7196,NORMAL
2025-12-27 22:00:09,SUCCESS,25.4787,NORMAL
2025-12-27 22:00:09,SUCCESS,19.6575,NORMAL
2025-12-27 22:00:09,SUCCESS,20.2178,NORMAL
2025-12-27 22:00:09,SUCCESS,34.0809,NORMAL
2025-12-27 22:00:09,SUCCESS,22.19,NORMAL
2025-12-27 22:00:09,SUCCESS,17.1124,NORMAL
2025-12-27 22:00:09,SUCCESS,21.2161,NORMAL
2025-12-27 22:00:09,SUCCESS,18.868,NORMAL
2025-12-27 22:00:09,SUCCESS,18.3514,NORMAL
2025-12-27 22:00:09,SUCCESS,20.0438,NORMAL
2025-12-27 22:00:09,SUCCESS,23.2941,NORMAL
2025-12-27 22:00:09,SUCCESS,18.2724,NORMAL
2025-12-27 22:00:09,SUCCESS,21.79,NORMAL
2025-12-27 22:00:10,SUCCESS,17.2627,NORMAL
2025-12-27 22:00:10,SUCCESS,31.5776,NORMAL
2025-12-27 22:00:10,SUCCESS,42.8953,NORMAL
2025-12-27 22:00:10,SUCCESS,32.8307,NORMAL
2025-12-27 22:00:10,SUCCESS,26.7148,NORMAL
2025-12-27 22:00:10,SUCCESS,20.1732,NORMAL
2025-12-27 22:00:10,SUCCESS,16.8812,NORMAL
2025-12-27 22:00:10,SUCCESS,18.8256,NORMAL
2025-12-27 22:00:10,SUCCESS,27.9162,NORMAL
2025-12-27 22:00:10,SUCCESS,17.4762,NORMAL
2025-12-27 22:00:11,SUCCESS,22.9344,NORMAL
2025-12-27 22:00:11,SUCCESS,19.7689,NORMAL
2025-12-27 22:00:11,SUCCESS,17.7967,NORMAL
2025-12-27 22:00:11,SUCCESS,182.815,NORMAL
2025-12-27 22:00:11,SUCCESS,21.5168,NORMAL
2025-12-27 22:00:11,SUCCESS,18.1987,NORMAL
2025-12-27 22:00:11,SUCCESS,19.8675,NORMAL
2025-12-27 22:00:11,SUCCESS,19.3684,NORMAL
2025-12-27 22:00:11,SUCCESS,19.6537,NORMAL
2025-12-27 22:00:11,SUCCESS,19.1848,NORMAL
2025-12-27 22:00:11,SUCCESS,22.3047,NORMAL
2025-12-27 22:00:12,SUCCESS,24.6686,NORMAL
2025-12-27 22:00:12,SUCCESS,21.8932,NORMAL
2025-12-27 22:00:12,SUCCESS,26.4911,NORMAL
2025-12-27 22:00:12,SUCCESS,292.506,NORMAL
2025-12-27 22:00:12,SUCCESS,98.8942,NORMAL
2025-12-27 22:00:12,SUCCESS,20.7505,NORMAL
2025-12-27 22:00:13,SUCCESS,25.5924,NORMAL
2025-12-27 22:00:13,SUCCESS,21.0466,NORMAL
2025-12-27 22:00:13,SUCCESS,19.8315,NORMAL
2025-12-27 22:00:13,SUCCESS,60.9592,NORMAL
2025-12-27 22:00:13,SUCCESS,18.3726,NORMAL
2025-12-27 22:00:13,SUCCESS,19.5416,NORMAL
2025-12-27 22:00:13,SUCCESS,23.9816,NORMAL
2025-12-27 22:00:13,SUCCESS,26.1325,NORMAL
2025-12-27 22:00:13,SUCCESS,27.7366,NORMAL
2025-12-27 22:00:14,SUCCESS,21.695,NORMAL
2025-12-27 22:00:14,SUCCESS,23.4684,NORMAL
2025-12-27 22:00:14,SUCCESS,26.0427,NORMAL
2025-12-27 22:00:14,SUCCESS,21.5879,NORMAL
2025-12-27 22:00:14,SUCCESS,35.8247,NORMAL
2025-12-27 22:00:14,SUCCESS,25.7765,NORMAL
2025-12-27 22:00:14,SUCCESS,41.6082,NORMAL
2025-12-27 22:00:14,SUCCESS,36.7005,NORMAL
2025-12-27 22:00:14,SUCCESS,32.3146,NORMAL
2025-12-27 22:00:14,SUCCESS,37.1272,NORMAL
2025-12-27 22:00:15,SUCCESS,35.6164,NORMAL
2025-12-27 22:00:15,SUCCESS,28.4635,NORMAL
2025-12-27 22:00:15,SUCCESS,32.7018,NORMAL
2025-12-27 22:00:15,SUCCESS,28.5643,NORMAL
2025-12-27 22:00:15,SUCCESS,25.7412,NORMAL
